GAME_ID,GAME_DATE,SEASON,GAME_STATUS,HOME_TEAM_ID,VISITOR_TEAM_ID,MATCHUP,HOME_WINS,PTS_home,PTS_away,HOME_WIN_PROB,CORRECT,HOME_TEAM_RUNNING_ACCURACY,VISITOR_TEAM_RUNNING_ACCURACY,HOME_ROLE_RUNNING_ACCURACY,AWAY_ROLE_RUNNING_ACCURACY,OVERALL_RUNNING_ACCURACY,RECENT_FLAG,HOME_TEAM_NAME,VISITOR_TEAM_NAME,SCORE_DIFF,PREDICTION_CONFIDENCE
22500367,2025-12-17,2025,Upcoming,1610612741,1610612739,Cleveland Cavaliers @ Chicago Bulls,,0,0,0.31308275,,0.52,0.6538461538461539,0.6588541666666666,0.6588541666666666,0.6588541666666666,,Chicago Bulls,Cleveland Cavaliers,,0.18691725
22500368,2025-12-17,2025,Upcoming,1610612750,1610612763,Memphis Grizzlies @ Minnesota Timberwolves,,0,0,0.6638056,,0.6923076923076923,0.7692307692307693,0.6588541666666666,0.6588541666666666,0.6588541666666666,,Minnesota Timberwolves,Memphis Grizzlies,,0.1638056
22500001,2025-10-21,2025,Completed,1610612760,1610612745,Houston Rockets @ Oklahoma City Thunder,1.0,125,124,0.6878488,True,1.0,1.0,0.5,0.5,0.5,False,Oklahoma City Thunder,Houston Rockets,1.0,0.1878488
22500002,2025-10-21,2025,Completed,1610612747,1610612744,Golden State Warriors @ Los Angeles Lakers,0.0,109,119,0.563446,False,0.0,0.0,0.5,0.5,0.5,False,Los Angeles Lakers,Golden State Warriors,-10.0,0.063445985
22500086,2025-10-22,2025,Completed,1610612749,1610612764,Washington Wizards @ Milwaukee Bucks,1.0,133,120,0.8117651,True,1.0,1.0,0.42857142857142855,0.42857142857142855,0.42857142857142855,False,Milwaukee Bucks,Washington Wizards,13.0,0.31176507
22500085,2025-10-22,2025,Completed,1610612763,1610612740,New Orleans Pelicans @ Memphis Grizzlies,1.0,128,122,0.66232413,True,1.0,1.0,0.42857142857142855,0.42857142857142855,0.42857142857142855,False,Memphis Grizzlies,New Orleans Pelicans,6.0,0.16232413
22500081,2025-10-22,2025,Completed,1610612753,1610612748,Miami Heat @ Orlando Magic,1.0,125,121,0.5466839,True,1.0,1.0,0.42857142857142855,0.42857142857142855,0.42857142857142855,False,Orlando Magic,Miami Heat,4.0,0.046683908
22500080,2025-10-22,2025,Completed,1610612766,1610612751,Brooklyn Nets @ Charlotte Hornets,1.0,136,117,0.4636381,False,0.0,0.0,0.42857142857142855,0.42857142857142855,0.42857142857142855,False,Charlotte Hornets,Brooklyn Nets,19.0,0.036361903
22500087,2025-10-22,2025,Completed,1610612762,1610612746,LA Clippers @ Utah Jazz,1.0,129,108,0.27626085,False,0.0,0.0,0.42857142857142855,0.42857142857142855,0.42857142857142855,False,Utah Jazz,LA Clippers,21.0,0.22373915
22500004,2025-10-22,2025,Completed,1610612742,1610612759,San Antonio Spurs @ Dallas Mavericks,0.0,92,125,0.6216456,False,0.0,0.0,0.42857142857142855,0.42857142857142855,0.42857142857142855,False,Dallas Mavericks,San Antonio Spurs,-33.0,0.12164563
22500084,2025-10-22,2025,Completed,1610612741,1610612765,Detroit Pistons @ Chicago Bulls,1.0,115,111,0.74174106,True,1.0,1.0,0.42857142857142855,0.42857142857142855,0.42857142857142855,False,Chicago Bulls,Detroit Pistons,4.0,0.24174106
22500083,2025-10-22,2025,Completed,1610612738,1610612755,Philadelphia 76ers @ Boston Celtics,0.0,116,117,0.82618344,False,0.0,0.0,0.42857142857142855,0.42857142857142855,0.42857142857142855,False,Boston Celtics,Philadelphia 76ers,-1.0,0.32618344
22500082,2025-10-22,2025,Completed,1610612737,1610612761,Toronto Raptors @ Atlanta Hawks,0.0,118,138,0.6498777,False,0.0,0.0,0.42857142857142855,0.42857142857142855,0.42857142857142855,False,Atlanta Hawks,Toronto Raptors,-20.0,0.14987773
22500089,2025-10-22,2025,Completed,1610612757,1610612750,Minnesota Timberwolves @ Portland Trail Blazers,0.0,114,118,0.51053786,False,0.0,0.0,0.42857142857142855,0.42857142857142855,0.42857142857142855,False,Portland Trail Blazers,Minnesota Timberwolves,-4.0,0.010537863
22500003,2025-10-22,2025,Completed,1610612752,1610612739,Cleveland Cavaliers @ New York Knicks,1.0,119,111,0.451072,False,0.0,0.0,0.42857142857142855,0.42857142857142855,0.42857142857142855,False,New York Knicks,Cleveland Cavaliers,8.0,0.048927993
22500088,2025-10-22,2025,Completed,1610612756,1610612758,Sacramento Kings @ Phoenix Suns,1.0,120,116,0.57441336,True,1.0,1.0,0.42857142857142855,0.42857142857142855,0.42857142857142855,False,Phoenix Suns,Sacramento Kings,4.0,0.07441336
22500005,2025-10-23,2025,Completed,1610612754,1610612760,Oklahoma City Thunder @ Indiana Pacers,0.0,135,141,0.52869564,False,0.0,0.5,0.375,0.375,0.375,False,Indiana Pacers,Oklahoma City Thunder,-6.0,0.028695643
22500006,2025-10-23,2025,Completed,1610612744,1610612743,Denver Nuggets @ Golden State Warriors,1.0,137,131,0.45781797,False,0.0,0.0,0.375,0.375,0.375,False,Golden State Warriors,Denver Nuggets,6.0,0.04218203
22500091,2025-10-24,2025,Completed,1610612751,1610612739,Cleveland Cavaliers @ Brooklyn Nets,0.0,124,131,0.28138712,True,0.5,0.5,0.42857142857142855,0.42857142857142855,0.42857142857142855,False,Brooklyn Nets,Cleveland Cavaliers,-7.0,0.21861288
22500097,2025-10-24,2025,Completed,1610612757,1610612744,Golden State Warriors @ Portland Trail Blazers,1.0,139,119,0.45094427,False,0.0,0.0,0.42857142857142855,0.42857142857142855,0.42857142857142855,False,Portland Trail Blazers,Golden State Warriors,20.0,0.049055725
22500092,2025-10-24,2025,Completed,1610612761,1610612749,Milwaukee Bucks @ Toronto Raptors,0.0,116,122,0.4481363,True,0.5,1.0,0.42857142857142855,0.42857142857142855,0.42857142857142855,False,Toronto Raptors,Milwaukee Bucks,-6.0,0.0518637
22500018,2025-10-24,2025,Completed,1610612752,1610612738,Boston Celtics @ New York Knicks,1.0,105,95,0.6113474,True,0.5,0.5,0.42857142857142855,0.42857142857142855,0.42857142857142855,False,New York Knicks,Boston Celtics,10.0,0.11134738
22500099,2025-10-24,2025,Completed,1610612746,1610612756,Phoenix Suns @ LA Clippers,1.0,129,102,0.72028023,True,0.5,1.0,0.42857142857142855,0.42857142857142855,0.42857142857142855,False,LA Clippers,Phoenix Suns,27.0,0.22028023
22500095,2025-10-24,2025,Completed,1610612740,1610612759,San Antonio Spurs @ New Orleans Pelicans,0.0,116,120,0.44110715,True,1.0,0.5,0.42857142857142855,0.42857142857142855,0.42857142857142855,False,New Orleans Pelicans,San Antonio Spurs,-4.0,0.058892846
22500096,2025-10-24,2025,Completed,1610612742,1610612764,Washington Wizards @ Dallas Mavericks,0.0,107,117,0.7341745,False,0.0,0.5,0.42857142857142855,0.42857142857142855,0.42857142857142855,False,Dallas Mavericks,Washington Wizards,-10.0,0.23417449
22500090,2025-10-24,2025,Completed,1610612753,1610612737,Atlanta Hawks @ Orlando Magic,0.0,107,111,0.6294037,False,0.5,0.0,0.42857142857142855,0.42857142857142855,0.42857142857142855,False,Orlando Magic,Atlanta Hawks,-4.0,0.12940371
22500098,2025-10-24,2025,Completed,1610612758,1610612762,Utah Jazz @ Sacramento Kings,1.0,105,104,0.6397485,True,1.0,0.5,0.42857142857142855,0.42857142857142855,0.42857142857142855,False,Sacramento Kings,Utah Jazz,1.0,0.13974851
22500019,2025-10-24,2025,Completed,1610612747,1610612750,Minnesota Timberwolves @ Los Angeles Lakers,1.0,128,110,0.3901813,False,0.0,0.0,0.42857142857142855,0.42857142857142855,0.42857142857142855,False,Los Angeles Lakers,Minnesota Timberwolves,18.0,0.1098187
22500094,2025-10-24,2025,Completed,1610612763,1610612748,Miami Heat @ Memphis Grizzlies,0.0,114,146,0.59712034,False,0.5,0.5,0.42857142857142855,0.42857142857142855,0.42857142857142855,False,Memphis Grizzlies,Miami Heat,-32.0,0.097120345
22500093,2025-10-24,2025,Completed,1610612745,1610612765,Detroit Pistons @ Houston Rockets,0.0,111,115,0.68486625,False,0.5,0.5,0.42857142857142855,0.42857142857142855,0.42857142857142855,False,Houston Rockets,Detroit Pistons,-4.0,0.18486625
22500104,2025-10-25,2025,Completed,1610612743,1610612756,Phoenix Suns @ Denver Nuggets,1.0,133,111,0.69845945,True,0.5,1.0,0.48484848484848486,0.48484848484848486,0.48484848484848486,False,Denver Nuggets,Phoenix Suns,22.0,0.19845945
22500101,2025-10-25,2025,Completed,1610612737,1610612760,Oklahoma City Thunder @ Atlanta Hawks,0.0,100,117,0.41770557,True,0.3333333333333333,0.6666666666666666,0.48484848484848486,0.48484848484848486,0.48484848484848486,False,Atlanta Hawks,Oklahoma City Thunder,-17.0,0.082294434
22500102,2025-10-25,2025,Completed,1610612755,1610612766,Charlotte Hornets @ Philadelphia 76ers,1.0,125,121,0.60128486,True,0.5,0.5,0.48484848484848486,0.48484848484848486,0.48484848484848486,False,Philadelphia 76ers,Charlotte Hornets,4.0,0.10128486
22500103,2025-10-25,2025,Completed,1610612763,1610612754,Indiana Pacers @ Memphis Grizzlies,1.0,128,103,0.4924197,False,0.3333333333333333,0.0,0.48484848484848486,0.48484848484848486,0.48484848484848486,False,Memphis Grizzlies,Indiana Pacers,25.0,0.00758031
22500100,2025-10-25,2025,Completed,1610612753,1610612741,Chicago Bulls @ Orlando Magic,0.0,98,110,0.46236852,True,0.6666666666666666,1.0,0.48484848484848486,0.48484848484848486,0.48484848484848486,False,Orlando Magic,Chicago Bulls,-12.0,0.037631482
22500110,2025-10-26,2025,Completed,1610612750,1610612754,Indiana Pacers @ Minnesota Timberwolves,1.0,114,110,0.6892485,True,0.3333333333333333,0.3333333333333333,0.5238095238095238,0.5238095238095238,0.5238095238095238,False,Minnesota Timberwolves,Indiana Pacers,4.0,0.1892485
22500105,2025-10-26,2025,Completed,1610612759,1610612751,Brooklyn Nets @ San Antonio Spurs,1.0,118,107,0.70118505,True,0.6666666666666666,0.6666666666666666,0.5238095238095238,0.5238095238095238,0.5238095238095238,False,San Antonio Spurs,Brooklyn Nets,11.0,0.20118505
22500113,2025-10-26,2025,Completed,1610612758,1610612747,Los Angeles Lakers @ Sacramento Kings,0.0,120,127,0.48447925,True,1.0,0.3333333333333333,0.5238095238095238,0.5238095238095238,0.5238095238095238,False,Sacramento Kings,Los Angeles Lakers,-7.0,0.0155207515
22500107,2025-10-26,2025,Completed,1610612739,1610612749,Milwaukee Bucks @ Cleveland Cavaliers,1.0,118,113,0.5234288,True,0.6666666666666666,1.0,0.5238095238095238,0.5238095238095238,0.5238095238095238,False,Cleveland Cavaliers,Milwaukee Bucks,5.0,0.023428798
22500111,2025-10-26,2025,Completed,1610612742,1610612761,Toronto Raptors @ Dallas Mavericks,1.0,139,129,0.5059932,True,0.3333333333333333,0.6666666666666666,0.5238095238095238,0.5238095238095238,0.5238095238095238,False,Dallas Mavericks,Toronto Raptors,10.0,0.0059931874
22500109,2025-10-26,2025,Completed,1610612764,1610612766,Charlotte Hornets @ Washington Wizards,0.0,113,139,0.6243992,False,0.3333333333333333,0.3333333333333333,0.5238095238095238,0.5238095238095238,0.5238095238095238,False,Washington Wizards,Charlotte Hornets,-26.0,0.124399185
22500112,2025-10-26,2025,Completed,1610612746,1610612757,Portland Trail Blazers @ LA Clippers,1.0,114,107,0.7292541,True,0.6666666666666666,0.3333333333333333,0.5238095238095238,0.5238095238095238,0.5238095238095238,False,LA Clippers,Portland Trail Blazers,7.0,0.22925413
22500106,2025-10-26,2025,Completed,1610612765,1610612738,Boston Celtics @ Detroit Pistons,1.0,119,113,0.4128045,False,0.3333333333333333,0.3333333333333333,0.5238095238095238,0.5238095238095238,0.5238095238095238,False,Detroit Pistons,Boston Celtics,6.0,0.087195486
22500108,2025-10-26,2025,Completed,1610612748,1610612752,New York Knicks @ Miami Heat,1.0,115,107,0.37529668,False,0.3333333333333333,0.3333333333333333,0.5238095238095238,0.5238095238095238,0.5238095238095238,False,Miami Heat,New York Knicks,8.0,0.12470332
22500116,2025-10-27,2025,Completed,1610612745,1610612751,Brooklyn Nets @ Houston Rockets,1.0,137,109,0.6173142,True,0.6666666666666666,0.75,0.5471698113207547,0.5471698113207547,0.5471698113207547,False,Houston Rockets,Brooklyn Nets,28.0,0.11731422
22500117,2025-10-27,2025,Completed,1610612740,1610612738,Boston Celtics @ New Orleans Pelicans,0.0,90,122,0.3212633,True,1.0,0.5,0.5471698113207547,0.5471698113207547,0.5471698113207547,False,New Orleans Pelicans,Boston Celtics,-32.0,0.17873669
22500118,2025-10-27,2025,Completed,1610612759,1610612761,Toronto Raptors @ San Antonio Spurs,1.0,121,103,0.56420124,True,0.75,0.75,0.5471698113207547,0.5471698113207547,0.5471698113207547,False,San Antonio Spurs,Toronto Raptors,18.0,0.064201236
22500120,2025-10-27,2025,Completed,1610612762,1610612756,Phoenix Suns @ Utah Jazz,1.0,138,134,0.48913178,False,0.3333333333333333,0.75,0.5471698113207547,0.5471698113207547,0.5471698113207547,False,Utah Jazz,Phoenix Suns,4.0,0.0108682215
22500122,2025-10-27,2025,Completed,1610612747,1610612757,Portland Trail Blazers @ Los Angeles Lakers,0.0,108,122,0.64833087,False,0.25,0.25,0.5471698113207547,0.5471698113207547,0.5471698113207547,False,Los Angeles Lakers,Portland Trail Blazers,-14.0,0.14833087
22500119,2025-10-27,2025,Completed,1610612742,1610612760,Oklahoma City Thunder @ Dallas Mavericks,0.0,94,101,0.42438492,True,0.5,0.75,0.5471698113207547,0.5471698113207547,0.5471698113207547,False,Dallas Mavericks,Oklahoma City Thunder,-7.0,0.07561508
22500121,2025-10-27,2025,Completed,1610612744,1610612763,Memphis Grizzlies @ Golden State Warriors,1.0,131,118,0.58828056,True,0.25,0.5,0.5471698113207547,0.5471698113207547,0.5471698113207547,False,Golden State Warriors,Memphis Grizzlies,13.0,0.08828056
22500008,2025-10-27,2025,Completed,1610612750,1610612743,Denver Nuggets @ Minnesota Timberwolves,0.0,114,127,0.6952586,False,0.25,0.3333333333333333,0.5471698113207547,0.5471698113207547,0.5471698113207547,False,Minnesota Timberwolves,Denver Nuggets,-13.0,0.19525862
22500007,2025-10-27,2025,Completed,1610612765,1610612739,Cleveland Cavaliers @ Detroit Pistons,0.0,95,116,0.41337445,True,0.5,0.75,0.5471698113207547,0.5471698113207547,0.5471698113207547,False,Detroit Pistons,Cleveland Cavaliers,-21.0,0.086625546
22500115,2025-10-27,2025,Completed,1610612741,1610612737,Atlanta Hawks @ Chicago Bulls,1.0,128,123,0.7637196,True,1.0,0.5,0.5471698113207547,0.5471698113207547,0.5471698113207547,False,Chicago Bulls,Atlanta Hawks,5.0,0.26371962
22500114,2025-10-27,2025,Completed,1610612755,1610612753,Orlando Magic @ Philadelphia 76ers,1.0,136,124,0.4127012,False,0.3333333333333333,0.5,0.5471698113207547,0.5471698113207547,0.5471698113207547,False,Philadelphia 76ers,Orlando Magic,12.0,0.08729881
22500127,2025-10-28,2025,Completed,1610612744,1610612746,LA Clippers @ Golden State Warriors,1.0,98,79,0.40446666,False,0.2,0.5,0.5689655172413793,0.5689655172413793,0.5689655172413793,False,Golden State Warriors,LA Clippers,19.0,0.09553334
22500125,2025-10-28,2025,Completed,1610612749,1610612752,New York Knicks @ Milwaukee Bucks,1.0,121,111,0.54888994,True,1.0,0.5,0.5689655172413793,0.5689655172413793,0.5689655172413793,False,Milwaukee Bucks,New York Knicks,10.0,0.048889935
22500126,2025-10-28,2025,Completed,1610612760,1610612758,Sacramento Kings @ Oklahoma City Thunder,1.0,107,101,0.7745646,True,0.8,1.0,0.5689655172413793,0.5689655172413793,0.5689655172413793,False,Oklahoma City Thunder,Sacramento Kings,6.0,0.27456462
22500123,2025-10-28,2025,Completed,1610612764,1610612755,Philadelphia 76ers @ Washington Wizards,0.0,134,139,0.43441987,True,0.5,0.5,0.5689655172413793,0.5689655172413793,0.5689655172413793,False,Washington Wizards,Philadelphia 76ers,-5.0,0.06558013
22500124,2025-10-28,2025,Completed,1610612748,1610612766,Charlotte Hornets @ Miami Heat,1.0,144,117,0.71245766,True,0.5,0.5,0.5689655172413793,0.5689655172413793,0.5689655172413793,False,Miami Heat,Charlotte Hornets,27.0,0.21245766
22500135,2025-10-29,2025,Completed,1610612762,1610612757,Portland Trail Blazers @ Utah Jazz,0.0,134,136,0.51948863,False,0.25,0.2,0.5735294117647058,0.5735294117647058,0.5735294117647058,False,Utah Jazz,Portland Trail Blazers,-2.0,0.019488633
22500137,2025-10-29,2025,Completed,1610612756,1610612763,Memphis Grizzlies @ Phoenix Suns,0.0,113,114,0.44777888,True,0.8,0.6,0.5735294117647058,0.5735294117647058,0.5735294117647058,False,Phoenix Suns,Memphis Grizzlies,-1.0,0.05222112
22500130,2025-10-29,2025,Completed,1610612751,1610612737,Atlanta Hawks @ Brooklyn Nets,0.0,112,117,0.40744033,True,0.8,0.6,0.5735294117647058,0.5735294117647058,0.5735294117647058,False,Brooklyn Nets,Atlanta Hawks,-5.0,0.092559665
22500132,2025-10-29,2025,Completed,1610612741,1610612758,Sacramento Kings @ Chicago Bulls,1.0,126,113,0.7806614,True,1.0,1.0,0.5735294117647058,0.5735294117647058,0.5735294117647058,False,Chicago Bulls,Sacramento Kings,13.0,0.2806614
22500129,2025-10-29,2025,Completed,1610612765,1610612753,Orlando Magic @ Detroit Pistons,1.0,135,116,0.45789656,False,0.4,0.4,0.5735294117647058,0.5735294117647058,0.5735294117647058,False,Detroit Pistons,Orlando Magic,19.0,0.04210344
22500131,2025-10-29,2025,Completed,1610612761,1610612745,Houston Rockets @ Toronto Raptors,0.0,121,139,0.6028706,False,0.6,0.5,0.5735294117647058,0.5735294117647058,0.5735294117647058,False,Toronto Raptors,Houston Rockets,-18.0,0.10287058
22500128,2025-10-29,2025,Completed,1610612738,1610612739,Cleveland Cavaliers @ Boston Celtics,1.0,125,105,0.5187094,True,0.6,0.8,0.5735294117647058,0.5735294117647058,0.5735294117647058,False,Boston Celtics,Cleveland Cavaliers,20.0,0.018709421
22500136,2025-10-29,2025,Completed,1610612750,1610612747,Los Angeles Lakers @ Minnesota Timberwolves,0.0,115,116,0.62148815,False,0.2,0.2,0.5735294117647058,0.5735294117647058,0.5735294117647058,False,Minnesota Timberwolves,Los Angeles Lakers,-1.0,0.121488154
22500134,2025-10-29,2025,Completed,1610612743,1610612740,New Orleans Pelicans @ Denver Nuggets,1.0,122,88,0.82592815,True,0.5,1.0,0.5735294117647058,0.5735294117647058,0.5735294117647058,False,Denver Nuggets,New Orleans Pelicans,34.0,0.32592815
22500133,2025-10-29,2025,Completed,1610612742,1610612754,Indiana Pacers @ Dallas Mavericks,1.0,107,105,0.53060263,True,0.6,0.5,0.5735294117647058,0.5735294117647058,0.5735294117647058,False,Dallas Mavericks,Indiana Pacers,2.0,0.030602634
22500138,2025-10-30,2025,Completed,1610612766,1610612753,Orlando Magic @ Charlotte Hornets,0.0,107,123,0.44454703,True,0.6,0.5,0.5972222222222222,0.5972222222222222,0.5972222222222222,False,Charlotte Hornets,Orlando Magic,-16.0,0.055452973
22500141,2025-10-30,2025,Completed,1610612759,1610612748,Miami Heat @ San Antonio Spurs,1.0,107,101,0.50888634,True,0.8,0.6,0.5972222222222222,0.5972222222222222,0.5972222222222222,False,San Antonio Spurs,Miami Heat,6.0,0.008886337
22500140,2025-10-30,2025,Completed,1610612760,1610612764,Washington Wizards @ Oklahoma City Thunder,1.0,127,108,0.83235884,True,0.8333333333333334,0.6,0.5972222222222222,0.5972222222222222,0.5972222222222222,False,Oklahoma City Thunder,Washington Wizards,19.0,0.33235884
22500139,2025-10-30,2025,Completed,1610612749,1610612744,Golden State Warriors @ Milwaukee Bucks,1.0,120,110,0.5900681,True,1.0,0.3333333333333333,0.5972222222222222,0.5972222222222222,0.5972222222222222,False,Milwaukee Bucks,Golden State Warriors,10.0,0.0900681
22500023,2025-10-31,2025,Completed,1610612741,1610612752,New York Knicks @ Chicago Bulls,1.0,135,125,0.75481236,True,1.0,0.6,0.6,0.6,0.6,False,Chicago Bulls,New York Knicks,10.0,0.25481236
22500021,2025-10-31,2025,Completed,1610612755,1610612738,Boston Celtics @ Philadelphia 76ers,0.0,108,109,0.47462675,True,0.6,0.6666666666666666,0.6,0.6,0.6,False,Philadelphia 76ers,Boston Celtics,-1.0,0.02537325
22500026,2025-10-31,2025,Completed,1610612757,1610612743,Denver Nuggets @ Portland Trail Blazers,1.0,109,107,0.49432498,False,0.16666666666666666,0.4,0.6,0.6,0.6,False,Portland Trail Blazers,Denver Nuggets,2.0,0.005675018
22500024,2025-10-31,2025,Completed,1610612763,1610612747,Los Angeles Lakers @ Memphis Grizzlies,0.0,112,117,0.45280635,True,0.6666666666666666,0.3333333333333333,0.6,0.6,0.6,False,Memphis Grizzlies,Los Angeles Lakers,-5.0,0.047193646
22500020,2025-10-31,2025,Completed,1610612754,1610612737,Atlanta Hawks @ Indiana Pacers,0.0,108,128,0.51338226,False,0.4,0.5,0.6,0.6,0.6,False,Indiana Pacers,Atlanta Hawks,-20.0,0.013382256
22500027,2025-10-31,2025,Completed,1610612746,1610612740,New Orleans Pelicans @ LA Clippers,1.0,126,124,0.8255674,True,0.6,1.0,0.6,0.6,0.6,False,LA Clippers,New Orleans Pelicans,2.0,0.32556742
22500022,2025-10-31,2025,Completed,1610612739,1610612761,Toronto Raptors @ Cleveland Cavaliers,0.0,101,112,0.6410963,False,0.6666666666666666,0.5,0.6,0.6,0.6,False,Cleveland Cavaliers,Toronto Raptors,-11.0,0.1410963
22500025,2025-10-31,2025,Completed,1610612756,1610612762,Utah Jazz @ Phoenix Suns,1.0,118,96,0.57026136,True,0.8333333333333334,0.4,0.6,0.6,0.6,False,Phoenix Suns,Utah Jazz,22.0,0.07026136
22500146,2025-11-01,2025,Completed,1610612738,1610612745,Houston Rockets @ Boston Celtics,0.0,101,128,0.62928486,False,0.5714285714285714,0.4,0.5882352941176471,0.5882352941176471,0.5882352941176471,False,Boston Celtics,Houston Rockets,-27.0,0.12928486
22500142,2025-11-01,2025,Completed,1610612749,1610612758,Sacramento Kings @ Milwaukee Bucks,0.0,133,135,0.7865825,False,0.8333333333333334,0.8333333333333334,0.5882352941176471,0.5882352941176471,0.5882352941176471,False,Milwaukee Bucks,Sacramento Kings,-2.0,0.28658253
22500145,2025-11-01,2025,Completed,1610612764,1610612753,Orlando Magic @ Washington Wizards,0.0,94,125,0.34832582,True,0.6666666666666666,0.5714285714285714,0.5882352941176471,0.5882352941176471,0.5882352941176471,False,Washington Wizards,Orlando Magic,-31.0,0.15167418
22500144,2025-11-01,2025,Completed,1610612754,1610612744,Golden State Warriors @ Indiana Pacers,1.0,114,109,0.491449,False,0.3333333333333333,0.2857142857142857,0.5882352941176471,0.5882352941176471,0.5882352941176471,False,Indiana Pacers,Golden State Warriors,5.0,0.008551002
22500143,2025-11-01,2025,Completed,1610612766,1610612750,Minnesota Timberwolves @ Charlotte Hornets,0.0,105,122,0.41944316,True,0.6666666666666666,0.3333333333333333,0.5882352941176471,0.5882352941176471,0.5882352941176471,False,Charlotte Hornets,Minnesota Timberwolves,-17.0,0.08055684
22500153,2025-11-02,2025,Completed,1610612752,1610612741,Chicago Bulls @ New York Knicks,1.0,128,116,0.35259235,False,0.5,0.8333333333333334,0.5913978494623656,0.5913978494623656,0.5913978494623656,False,New York Knicks,Chicago Bulls,12.0,0.14740765
22500148,2025-11-02,2025,Completed,1610612760,1610612740,New Orleans Pelicans @ Oklahoma City Thunder,1.0,137,106,0.8465812,True,0.8571428571428571,1.0,0.5913978494623656,0.5913978494623656,0.5913978494623656,False,Oklahoma City Thunder,New Orleans Pelicans,31.0,0.34658122
22500154,2025-11-02,2025,Completed,1610612756,1610612759,San Antonio Spurs @ Phoenix Suns,1.0,130,118,0.40842402,False,0.7142857142857143,0.6666666666666666,0.5913978494623656,0.5913978494623656,0.5913978494623656,False,Phoenix Suns,San Antonio Spurs,12.0,0.09157598
22500149,2025-11-02,2025,Completed,1610612751,1610612755,Philadelphia 76ers @ Brooklyn Nets,0.0,105,129,0.44657907,True,0.8333333333333334,0.6666666666666666,0.5913978494623656,0.5913978494623656,0.5913978494623656,False,Brooklyn Nets,Philadelphia 76ers,-24.0,0.05342093
22500155,2025-11-02,2025,Completed,1610612747,1610612748,Miami Heat @ Los Angeles Lakers,1.0,130,120,0.5308096,True,0.42857142857142855,0.6666666666666666,0.5913978494623656,0.5913978494623656,0.5913978494623656,False,Los Angeles Lakers,Miami Heat,10.0,0.030809581
22500150,2025-11-02,2025,Completed,1610612766,1610612762,Utah Jazz @ Charlotte Hornets,1.0,126,103,0.5689355,True,0.7142857142857143,0.5,0.5913978494623656,0.5913978494623656,0.5913978494623656,False,Charlotte Hornets,Utah Jazz,23.0,0.06893551
22500152,2025-11-02,2025,Completed,1610612761,1610612763,Memphis Grizzlies @ Toronto Raptors,1.0,117,104,0.54422474,True,0.5714285714285714,0.7142857142857143,0.5913978494623656,0.5913978494623656,0.5913978494623656,False,Toronto Raptors,Memphis Grizzlies,13.0,0.04422474
22500151,2025-11-02,2025,Completed,1610612739,1610612737,Atlanta Hawks @ Cleveland Cavaliers,1.0,117,109,0.49176592,False,0.5714285714285714,0.42857142857142855,0.5913978494623656,0.5913978494623656,0.5913978494623656,False,Cleveland Cavaliers,Atlanta Hawks,8.0,0.008234084
22500164,2025-11-03,2025,Completed,1610612746,1610612748,Miami Heat @ LA Clippers,0.0,119,120,0.7433866,False,0.5,0.5714285714285714,0.5882352941176471,0.5882352941176471,0.5882352941176471,False,LA Clippers,Miami Heat,-1.0,0.24338663
22500156,2025-11-03,2025,Completed,1610612751,1610612750,Minnesota Timberwolves @ Brooklyn Nets,0.0,109,125,0.26214853,True,0.8571428571428571,0.42857142857142855,0.5882352941176471,0.5882352941176471,0.5882352941176471,False,Brooklyn Nets,Minnesota Timberwolves,-16.0,0.23785147
22500162,2025-11-03,2025,Completed,1610612743,1610612758,Sacramento Kings @ Denver Nuggets,1.0,130,124,0.7227568,True,0.5,0.8571428571428571,0.5882352941176471,0.5882352941176471,0.5882352941176471,False,Denver Nuggets,Sacramento Kings,6.0,0.2227568
22500161,2025-11-03,2025,Completed,1610612763,1610612765,Detroit Pistons @ Memphis Grizzlies,0.0,106,114,0.5595703,False,0.625,0.3333333333333333,0.5882352941176471,0.5882352941176471,0.5882352941176471,False,Memphis Grizzlies,Detroit Pistons,-8.0,0.059570312
22500157,2025-11-03,2025,Completed,1610612754,1610612749,Milwaukee Bucks @ Indiana Pacers,0.0,115,117,0.47086358,True,0.42857142857142855,0.8571428571428571,0.5882352941176471,0.5882352941176471,0.5882352941176471,False,Indiana Pacers,Milwaukee Bucks,-2.0,0.02913642
22500158,2025-11-03,2025,Completed,1610612738,1610612762,Utah Jazz @ Boston Celtics,0.0,103,105,0.72678506,False,0.5,0.42857142857142855,0.5882352941176471,0.5882352941176471,0.5882352941176471,False,Boston Celtics,Utah Jazz,-2.0,0.22678506
22500163,2025-11-03,2025,Completed,1610612757,1610612747,Los Angeles Lakers @ Portland Trail Blazers,0.0,115,123,0.55763257,False,0.14285714285714285,0.375,0.5882352941176471,0.5882352941176471,0.5882352941176471,False,Portland Trail Blazers,Los Angeles Lakers,-8.0,0.057632565
22500160,2025-11-03,2025,Completed,1610612745,1610612742,Dallas Mavericks @ Houston Rockets,1.0,110,102,0.65629005,True,0.5,0.6666666666666666,0.5882352941176471,0.5882352941176471,0.5882352941176471,False,Houston Rockets,Dallas Mavericks,8.0,0.15629005
22500159,2025-11-03,2025,Completed,1610612752,1610612764,Washington Wizards @ New York Knicks,1.0,119,102,0.7712275,True,0.5714285714285714,0.7142857142857143,0.5882352941176471,0.5882352941176471,0.5882352941176471,False,New York Knicks,Washington Wizards,17.0,0.27122748
22500165,2025-11-04,2025,Completed,1610612761,1610612749,Milwaukee Bucks @ Toronto Raptors,1.0,128,100,0.40101063,False,0.5,0.75,0.5925925925925926,0.5925925925925926,0.5925925925925926,False,Toronto Raptors,Milwaukee Bucks,28.0,0.09898937
22500170,2025-11-04,2025,Completed,1610612746,1610612760,Oklahoma City Thunder @ LA Clippers,0.0,107,126,0.42954814,True,0.5714285714285714,0.875,0.5925925925925926,0.5925925925925926,0.5925925925925926,False,LA Clippers,Oklahoma City Thunder,-19.0,0.070451856
22500169,2025-11-04,2025,Completed,1610612744,1610612756,Phoenix Suns @ Golden State Warriors,1.0,118,107,0.6331921,True,0.375,0.75,0.5925925925925926,0.5925925925925926,0.5925925925925926,False,Golden State Warriors,Phoenix Suns,11.0,0.13319212
22500166,2025-11-04,2025,Completed,1610612737,1610612753,Orlando Magic @ Atlanta Hawks,1.0,127,112,0.6272311,True,0.5,0.625,0.5925925925925926,0.5925925925925926,0.5925925925925926,False,Atlanta Hawks,Orlando Magic,15.0,0.12723112
22500167,2025-11-04,2025,Completed,1610612741,1610612755,Philadelphia 76ers @ Chicago Bulls,1.0,113,111,0.76930636,True,0.8571428571428571,0.7142857142857143,0.5925925925925926,0.5925925925925926,0.5925925925925926,False,Chicago Bulls,Philadelphia 76ers,2.0,0.26930636
22500168,2025-11-04,2025,Completed,1610612740,1610612766,Charlotte Hornets @ New Orleans Pelicans,1.0,116,112,0.45362368,False,0.8571428571428571,0.625,0.5925925925925926,0.5925925925925926,0.5925925925925926,False,New Orleans Pelicans,Charlotte Hornets,4.0,0.046376318
22500172,2025-11-05,2025,Completed,1610612765,1610612762,Utah Jazz @ Detroit Pistons,1.0,114,103,0.61270106,True,0.42857142857142855,0.5,0.5966386554621849,0.5966386554621849,0.5966386554621849,False,Detroit Pistons,Utah Jazz,11.0,0.11270106
22500173,2025-11-05,2025,Completed,1610612754,1610612751,Brooklyn Nets @ Indiana Pacers,0.0,103,112,0.65882045,False,0.375,0.75,0.5966386554621849,0.5966386554621849,0.5966386554621849,False,Indiana Pacers,Brooklyn Nets,-9.0,0.15882045
22500179,2025-11-05,2025,Completed,1610612747,1610612759,San Antonio Spurs @ Los Angeles Lakers,1.0,118,116,0.6137487,True,0.4444444444444444,0.7142857142857143,0.5966386554621849,0.5966386554621849,0.5966386554621849,False,Los Angeles Lakers,San Antonio Spurs,2.0,0.11374873
22500175,2025-11-05,2025,Completed,1610612752,1610612750,Minnesota Timberwolves @ New York Knicks,1.0,137,114,0.5683831,True,0.625,0.5,0.5966386554621849,0.5966386554621849,0.5966386554621849,False,New York Knicks,Minnesota Timberwolves,23.0,0.0683831
22500176,2025-11-05,2025,Completed,1610612763,1610612745,Houston Rockets @ Memphis Grizzlies,0.0,109,124,0.41236445,True,0.6666666666666666,0.5714285714285714,0.5966386554621849,0.5966386554621849,0.5966386554621849,False,Memphis Grizzlies,Houston Rockets,-15.0,0.08763555
22500174,2025-11-05,2025,Completed,1610612738,1610612764,Washington Wizards @ Boston Celtics,1.0,136,107,0.70476353,True,0.5555555555555556,0.75,0.5966386554621849,0.5966386554621849,0.5966386554621849,False,Boston Celtics,Washington Wizards,29.0,0.20476353
22500177,2025-11-05,2025,Completed,1610612742,1610612740,New Orleans Pelicans @ Dallas Mavericks,0.0,99,101,0.69202834,False,0.5714285714285714,0.75,0.5966386554621849,0.5966386554621849,0.5966386554621849,False,Dallas Mavericks,New Orleans Pelicans,-2.0,0.19202834
22500178,2025-11-05,2025,Completed,1610612743,1610612748,Miami Heat @ Denver Nuggets,1.0,122,112,0.68029624,True,0.5714285714285714,0.625,0.5966386554621849,0.5966386554621849,0.5966386554621849,False,Denver Nuggets,Miami Heat,10.0,0.18029624
22500181,2025-11-05,2025,Completed,1610612758,1610612744,Golden State Warriors @ Sacramento Kings,1.0,121,116,0.4874291,False,0.75,0.3333333333333333,0.5966386554621849,0.5966386554621849,0.5966386554621849,False,Sacramento Kings,Golden State Warriors,5.0,0.012570888
22500180,2025-11-05,2025,Completed,1610612757,1610612760,Oklahoma City Thunder @ Portland Trail Blazers,1.0,121,119,0.3249245,False,0.125,0.7777777777777778,0.5966386554621849,0.5966386554621849,0.5966386554621849,False,Portland Trail Blazers,Oklahoma City Thunder,2.0,0.1750755
22500171,2025-11-05,2025,Completed,1610612739,1610612755,Philadelphia 76ers @ Cleveland Cavaliers,1.0,132,121,0.5566839,True,0.625,0.75,0.5966386554621849,0.5966386554621849,0.5966386554621849,False,Cleveland Cavaliers,Philadelphia 76ers,11.0,0.056683898
22500182,2025-11-06,2025,Completed,1610612756,1610612746,LA Clippers @ Phoenix Suns,1.0,115,102,0.5603259,True,0.7777777777777778,0.625,0.6,0.6,0.6,False,Phoenix Suns,LA Clippers,13.0,0.06032592
22500031,2025-11-07,2025,Completed,1610612751,1610612765,Detroit Pistons @ Brooklyn Nets,0.0,107,125,0.321584,True,0.7777777777777778,0.5,0.6259541984732825,0.6259541984732825,0.6259541984732825,False,Brooklyn Nets,Detroit Pistons,-18.0,0.17841601
22500037,2025-11-07,2025,Completed,1610612743,1610612744,Golden State Warriors @ Denver Nuggets,1.0,129,104,0.6976093,True,0.625,0.4,0.6259541984732825,0.6259541984732825,0.6259541984732825,False,Denver Nuggets,Golden State Warriors,25.0,0.1976093
22500038,2025-11-07,2025,Completed,1610612758,1610612760,Oklahoma City Thunder @ Sacramento Kings,0.0,101,132,0.30696967,True,0.7777777777777778,0.8,0.6259541984732825,0.6259541984732825,0.6259541984732825,False,Sacramento Kings,Oklahoma City Thunder,-31.0,0.19303033
22500034,2025-11-07,2025,Completed,1610612763,1610612742,Dallas Mavericks @ Memphis Grizzlies,1.0,118,104,0.6068591,True,0.7,0.625,0.6259541984732825,0.6259541984732825,0.6259541984732825,False,Memphis Grizzlies,Dallas Mavericks,14.0,0.10685909
22500036,2025-11-07,2025,Completed,1610612750,1610612762,Utah Jazz @ Minnesota Timberwolves,1.0,137,97,0.72945786,True,0.5555555555555556,0.5555555555555556,0.6259541984732825,0.6259541984732825,0.6259541984732825,False,Minnesota Timberwolves,Utah Jazz,40.0,0.22945786
22500032,2025-11-07,2025,Completed,1610612759,1610612745,Houston Rockets @ San Antonio Spurs,1.0,121,110,0.5574307,True,0.75,0.625,0.6259541984732825,0.6259541984732825,0.6259541984732825,False,San Antonio Spurs,Houston Rockets,11.0,0.057430685
22500035,2025-11-07,2025,Completed,1610612749,1610612741,Chicago Bulls @ Milwaukee Bucks,1.0,126,110,0.526807,True,0.7777777777777778,0.875,0.6259541984732825,0.6259541984732825,0.6259541984732825,False,Milwaukee Bucks,Chicago Bulls,16.0,0.02680701
22500029,2025-11-07,2025,Completed,1610612764,1610612739,Cleveland Cavaliers @ Washington Wizards,0.0,114,148,0.23987146,True,0.7777777777777778,0.6666666666666666,0.6259541984732825,0.6259541984732825,0.6259541984732825,False,Washington Wizards,Cleveland Cavaliers,-34.0,0.26012856
22500030,2025-11-07,2025,Completed,1610612737,1610612761,Toronto Raptors @ Atlanta Hawks,0.0,97,109,0.5739008,False,0.4444444444444444,0.4444444444444444,0.6259541984732825,0.6259541984732825,0.6259541984732825,False,Atlanta Hawks,Toronto Raptors,-12.0,0.07390082
22500028,2025-11-07,2025,Completed,1610612753,1610612738,Boston Celtics @ Orlando Magic,1.0,123,110,0.5146946,True,0.6666666666666666,0.6,0.6259541984732825,0.6259541984732825,0.6259541984732825,False,Orlando Magic,Boston Celtics,13.0,0.0146945715
22500033,2025-11-07,2025,Completed,1610612748,1610612766,Charlotte Hornets @ Miami Heat,1.0,126,108,0.7037468,True,0.6666666666666666,0.6666666666666666,0.6259541984732825,0.6259541984732825,0.6259541984732825,False,Miami Heat,Charlotte Hornets,18.0,0.2037468
22500183,2025-11-08,2025,Completed,1610612764,1610612742,Dallas Mavericks @ Washington Wizards,0.0,105,111,0.45071474,True,0.8,0.6666666666666666,0.6258992805755396,0.6258992805755396,0.6258992805755396,False,Washington Wizards,Dallas Mavericks,-6.0,0.049285263
22500189,2025-11-08,2025,Completed,1610612743,1610612754,Indiana Pacers @ Denver Nuggets,1.0,117,100,0.8377484,True,0.6666666666666666,0.4444444444444444,0.6258992805755396,0.6258992805755396,0.6258992805755396,False,Denver Nuggets,Indiana Pacers,17.0,0.3377484
22500186,2025-11-08,2025,Completed,1610612739,1610612741,Chicago Bulls @ Cleveland Cavaliers,1.0,128,122,0.5269288,True,0.7,0.8888888888888888,0.6258992805755396,0.6258992805755396,0.6258992805755396,False,Cleveland Cavaliers,Chicago Bulls,6.0,0.026928782
22500187,2025-11-08,2025,Completed,1610612748,1610612757,Portland Trail Blazers @ Miami Heat,1.0,136,131,0.5783809,True,0.7,0.2222222222222222,0.6258992805755396,0.6258992805755396,0.6258992805755396,False,Miami Heat,Portland Trail Blazers,5.0,0.07838088
22500188,2025-11-08,2025,Completed,1610612759,1610612740,New Orleans Pelicans @ San Antonio Spurs,1.0,126,119,0.8153216,True,0.7777777777777778,0.7777777777777778,0.6258992805755396,0.6258992805755396,0.6258992805755396,False,San Antonio Spurs,New Orleans Pelicans,7.0,0.31532162
22500190,2025-11-08,2025,Completed,1610612746,1610612756,Phoenix Suns @ LA Clippers,0.0,103,114,0.62740487,False,0.5555555555555556,0.7,0.6258992805755396,0.6258992805755396,0.6258992805755396,False,LA Clippers,Phoenix Suns,-11.0,0.12740487
22500185,2025-11-08,2025,Completed,1610612737,1610612747,Los Angeles Lakers @ Atlanta Hawks,1.0,122,102,0.44620454,False,0.4,0.4,0.6258992805755396,0.6258992805755396,0.6258992805755396,False,Atlanta Hawks,Los Angeles Lakers,20.0,0.053795457
22500184,2025-11-08,2025,Completed,1610612755,1610612761,Toronto Raptors @ Philadelphia 76ers,1.0,130,120,0.43934825,False,0.6666666666666666,0.4,0.6258992805755396,0.6258992805755396,0.6258992805755396,False,Philadelphia 76ers,Toronto Raptors,10.0,0.06065175
22500191,2025-11-09,2025,Completed,1610612749,1610612745,Houston Rockets @ Milwaukee Bucks,0.0,115,122,0.61255515,False,0.7,0.5555555555555556,0.6301369863013698,0.6301369863013698,0.6301369863013698,False,Milwaukee Bucks,Houston Rockets,-7.0,0.112555146
22500194,2025-11-09,2025,Completed,1610612763,1610612760,Oklahoma City Thunder @ Memphis Grizzlies,0.0,100,114,0.24676196,True,0.7272727272727273,0.8181818181818182,0.6301369863013698,0.6301369863013698,0.6301369863013698,False,Memphis Grizzlies,Oklahoma City Thunder,-14.0,0.25323802
22500197,2025-11-09,2025,Completed,1610612758,1610612750,Minnesota Timberwolves @ Sacramento Kings,0.0,117,144,0.47874492,True,0.8,0.6,0.6301369863013698,0.6301369863013698,0.6301369863013698,False,Sacramento Kings,Minnesota Timberwolves,-27.0,0.021255076
22500195,2025-11-09,2025,Completed,1610612755,1610612765,Detroit Pistons @ Philadelphia 76ers,0.0,108,111,0.49308786,True,0.7,0.5555555555555556,0.6301369863013698,0.6301369863013698,0.6301369863013698,False,Philadelphia 76ers,Detroit Pistons,-3.0,0.006912142
22500192,2025-11-09,2025,Completed,1610612752,1610612751,Brooklyn Nets @ New York Knicks,1.0,134,98,0.8469647,True,0.6666666666666666,0.8,0.6301369863013698,0.6301369863013698,0.6301369863013698,False,New York Knicks,Brooklyn Nets,36.0,0.34696472
22500196,2025-11-09,2025,Completed,1610612744,1610612754,Indiana Pacers @ Golden State Warriors,1.0,114,83,0.68617976,True,0.45454545454545453,0.5,0.6301369863013698,0.6301369863013698,0.6301369863013698,False,Golden State Warriors,Indiana Pacers,31.0,0.18617976
22500193,2025-11-09,2025,Completed,1610612753,1610612738,Boston Celtics @ Orlando Magic,0.0,107,111,0.60626715,False,0.6,0.5454545454545454,0.6301369863013698,0.6301369863013698,0.6301369863013698,False,Orlando Magic,Boston Celtics,-4.0,0.106267154
22500202,2025-11-10,2025,Completed,1610612741,1610612759,San Antonio Spurs @ Chicago Bulls,0.0,117,121,0.66345644,False,0.8,0.7,0.6258064516129033,0.6258064516129033,0.6258064516129033,False,Chicago Bulls,San Antonio Spurs,-4.0,0.16345644
22500200,2025-11-10,2025,Completed,1610612753,1610612757,Portland Trail Blazers @ Orlando Magic,1.0,115,112,0.4697001,False,0.5454545454545454,0.2,0.6258064516129033,0.6258064516129033,0.6258064516129033,False,Orlando Magic,Portland Trail Blazers,3.0,0.030299902
22500203,2025-11-10,2025,Completed,1610612742,1610612749,Milwaukee Bucks @ Dallas Mavericks,0.0,114,116,0.3513867,True,0.7,0.7272727272727273,0.6258064516129033,0.6258064516129033,0.6258064516129033,False,Dallas Mavericks,Milwaukee Bucks,-2.0,0.1486133
22500204,2025-11-10,2025,Completed,1610612756,1610612740,New Orleans Pelicans @ Phoenix Suns,1.0,121,98,0.73937166,True,0.7272727272727273,0.8,0.6258064516129033,0.6258064516129033,0.6258064516129033,False,Phoenix Suns,New Orleans Pelicans,23.0,0.23937166
22500201,2025-11-10,2025,Completed,1610612748,1610612739,Cleveland Cavaliers @ Miami Heat,1.0,140,138,0.46518347,False,0.6363636363636364,0.6363636363636364,0.6258064516129033,0.6258064516129033,0.6258064516129033,False,Miami Heat,Cleveland Cavaliers,2.0,0.034816533
22500205,2025-11-10,2025,Completed,1610612762,1610612750,Minnesota Timberwolves @ Utah Jazz,0.0,113,120,0.3560095,True,0.6,0.6363636363636364,0.6258064516129033,0.6258064516129033,0.6258064516129033,False,Utah Jazz,Minnesota Timberwolves,-7.0,0.14399049
22500199,2025-11-10,2025,Completed,1610612765,1610612764,Washington Wizards @ Detroit Pistons,1.0,137,135,0.7871254,True,0.6,0.8181818181818182,0.6258064516129033,0.6258064516129033,0.6258064516129033,False,Detroit Pistons,Washington Wizards,2.0,0.2871254
22500206,2025-11-10,2025,Completed,1610612746,1610612737,Atlanta Hawks @ LA Clippers,0.0,102,105,0.5124016,False,0.5,0.36363636363636365,0.6258064516129033,0.6258064516129033,0.6258064516129033,False,LA Clippers,Atlanta Hawks,-3.0,0.012401581
22500198,2025-11-10,2025,Completed,1610612766,1610612747,Los Angeles Lakers @ Charlotte Hornets,0.0,111,121,0.3399596,True,0.7,0.45454545454545453,0.6258064516129033,0.6258064516129033,0.6258064516129033,False,Charlotte Hornets,Los Angeles Lakers,-10.0,0.16004041
22500210,2025-11-11,2025,Completed,1610612760,1610612744,Golden State Warriors @ Oklahoma City Thunder,1.0,126,102,0.8067442,True,0.8333333333333334,0.5,0.639751552795031,0.639751552795031,0.639751552795031,False,Oklahoma City Thunder,Golden State Warriors,24.0,0.30674422
22500208,2025-11-11,2025,Completed,1610612752,1610612763,Memphis Grizzlies @ New York Knicks,1.0,133,120,0.77846473,True,0.7,0.75,0.639751552795031,0.639751552795031,0.639751552795031,False,New York Knicks,Memphis Grizzlies,13.0,0.27846473
22500212,2025-11-11,2025,Completed,1610612758,1610612743,Denver Nuggets @ Sacramento Kings,0.0,108,122,0.33001274,True,0.8181818181818182,0.7,0.639751552795031,0.639751552795031,0.639751552795031,False,Sacramento Kings,Denver Nuggets,-14.0,0.16998726
22500209,2025-11-11,2025,Completed,1610612755,1610612738,Boston Celtics @ Philadelphia 76ers,1.0,102,100,0.5276434,True,0.7272727272727273,0.5833333333333334,0.639751552795031,0.639751552795031,0.639751552795031,False,Philadelphia 76ers,Boston Celtics,2.0,0.027643383
22500207,2025-11-11,2025,Completed,1610612751,1610612761,Toronto Raptors @ Brooklyn Nets,0.0,109,119,0.27496895,True,0.8181818181818182,0.45454545454545453,0.639751552795031,0.639751552795031,0.639751552795031,False,Brooklyn Nets,Toronto Raptors,-10.0,0.22503105
22500211,2025-11-11,2025,Completed,1610612762,1610612754,Indiana Pacers @ Utah Jazz,1.0,152,128,0.5867,True,0.6363636363636364,0.5454545454545454,0.639751552795031,0.639751552795031,0.639751552795031,False,Utah Jazz,Indiana Pacers,24.0,0.08670002
22500214,2025-11-12,2025,Completed,1610612765,1610612741,Chicago Bulls @ Detroit Pistons,1.0,124,113,0.58145624,True,0.6363636363636364,0.8181818181818182,0.6416184971098265,0.6416184971098265,0.6416184971098265,False,Detroit Pistons,Chicago Bulls,11.0,0.081456244
22500215,2025-11-12,2025,Completed,1610612752,1610612753,Orlando Magic @ New York Knicks,0.0,107,124,0.74947155,False,0.6363636363636364,0.5,0.6416184971098265,0.6416184971098265,0.6416184971098265,False,New York Knicks,Orlando Magic,-17.0,0.24947155
22500220,2025-11-12,2025,Completed,1610612759,1610612744,Golden State Warriors @ San Antonio Spurs,0.0,120,125,0.7609974,False,0.6363636363636364,0.46153846153846156,0.6416184971098265,0.6416184971098265,0.6416184971098265,False,San Antonio Spurs,Golden State Warriors,-5.0,0.2609974
22500216,2025-11-12,2025,Completed,1610612738,1610612763,Memphis Grizzlies @ Boston Celtics,1.0,131,95,0.65518177,True,0.6153846153846154,0.7692307692307693,0.6416184971098265,0.6416184971098265,0.6416184971098265,False,Boston Celtics,Memphis Grizzlies,36.0,0.15518177
22500224,2025-11-12,2025,Completed,1610612746,1610612743,Denver Nuggets @ LA Clippers,0.0,116,130,0.33521023,True,0.5454545454545454,0.7272727272727273,0.6416184971098265,0.6416184971098265,0.6416184971098265,False,LA Clippers,Denver Nuggets,-14.0,0.16478977
22500219,2025-11-12,2025,Completed,1610612740,1610612757,Portland Trail Blazers @ New Orleans Pelicans,0.0,117,125,0.3025761,True,0.8181818181818182,0.2727272727272727,0.6416184971098265,0.6416184971098265,0.6416184971098265,False,New Orleans Pelicans,Portland Trail Blazers,-8.0,0.1974239
22500223,2025-11-12,2025,Completed,1610612758,1610612737,Atlanta Hawks @ Sacramento Kings,0.0,100,133,0.37146357,True,0.8333333333333334,0.4166666666666667,0.6416184971098265,0.6416184971098265,0.6416184971098265,False,Sacramento Kings,Atlanta Hawks,-33.0,0.12853643
22500222,2025-11-12,2025,Completed,1610612760,1610612747,Los Angeles Lakers @ Oklahoma City Thunder,1.0,121,92,0.6657031,True,0.8461538461538461,0.5,0.6416184971098265,0.6416184971098265,0.6416184971098265,False,Oklahoma City Thunder,Los Angeles Lakers,29.0,0.16570312
22500218,2025-11-12,2025,Completed,1610612745,1610612764,Washington Wizards @ Houston Rockets,1.0,135,112,0.833853,True,0.6,0.8333333333333334,0.6416184971098265,0.6416184971098265,0.6416184971098265,False,Houston Rockets,Washington Wizards,23.0,0.333853
22500213,2025-11-12,2025,Completed,1610612766,1610612749,Milwaukee Bucks @ Charlotte Hornets,1.0,111,100,0.3033931,False,0.6363636363636364,0.6666666666666666,0.6416184971098265,0.6416184971098265,0.6416184971098265,False,Charlotte Hornets,Milwaukee Bucks,11.0,0.1966069
22500217,2025-11-12,2025,Completed,1610612748,1610612739,Cleveland Cavaliers @ Miami Heat,0.0,116,130,0.56742996,False,0.5833333333333334,0.5833333333333334,0.6416184971098265,0.6416184971098265,0.6416184971098265,False,Miami Heat,Cleveland Cavaliers,-14.0,0.06742996
22500221,2025-11-12,2025,Completed,1610612742,1610612756,Phoenix Suns @ Dallas Mavericks,0.0,114,123,0.41622618,True,0.7272727272727273,0.75,0.6416184971098265,0.6416184971098265,0.6416184971098265,False,Dallas Mavericks,Phoenix Suns,-9.0,0.08377382
22500227,2025-11-13,2025,Completed,1610612762,1610612737,Atlanta Hawks @ Utah Jazz,0.0,122,132,0.3998131,True,0.6666666666666666,0.46153846153846156,0.6420454545454546,0.6420454545454546,0.6420454545454546,False,Utah Jazz,Atlanta Hawks,-10.0,0.100186914
22500225,2025-11-13,2025,Completed,1610612739,1610612761,Toronto Raptors @ Cleveland Cavaliers,0.0,113,126,0.6101018,False,0.5384615384615384,0.4166666666666667,0.6420454545454546,0.6420454545454546,0.6420454545454546,False,Cleveland Cavaliers,Toronto Raptors,-13.0,0.11010182
22500226,2025-11-13,2025,Completed,1610612756,1610612754,Indiana Pacers @ Phoenix Suns,1.0,133,98,0.79341793,True,0.7692307692307693,0.5833333333333334,0.6420454545454546,0.6420454545454546,0.6420454545454546,False,Phoenix Suns,Indiana Pacers,35.0,0.29341793
22500043,2025-11-14,2025,Completed,1610612749,1610612766,Charlotte Hornets @ Milwaukee Bucks,1.0,147,134,0.75967515,True,0.6923076923076923,0.6666666666666666,0.6486486486486487,0.6486486486486487,0.6486486486486487,False,Milwaukee Bucks,Charlotte Hornets,13.0,0.25967515
22500046,2025-11-14,2025,Completed,1610612742,1610612746,LA Clippers @ Dallas Mavericks,0.0,127,133,0.51163447,False,0.6666666666666666,0.5,0.6486486486486487,0.6486486486486487,0.6486486486486487,False,Dallas Mavericks,LA Clippers,-6.0,0.011634469
22500047,2025-11-14,2025,Completed,1610612759,1610612744,Golden State Warriors @ San Antonio Spurs,0.0,108,109,0.6857505,False,0.5833333333333334,0.42857142857142855,0.6486486486486487,0.6486486486486487,0.6486486486486487,False,San Antonio Spurs,Golden State Warriors,-1.0,0.18575048
22500041,2025-11-14,2025,Completed,1610612765,1610612755,Philadelphia 76ers @ Detroit Pistons,1.0,114,105,0.61697555,True,0.6666666666666666,0.75,0.6486486486486487,0.6486486486486487,0.6486486486486487,False,Detroit Pistons,Philadelphia 76ers,9.0,0.116975546
22500044,2025-11-14,2025,Completed,1610612750,1610612758,Sacramento Kings @ Minnesota Timberwolves,1.0,124,110,0.7407391,True,0.6666666666666666,0.8461538461538461,0.6486486486486487,0.6486486486486487,0.6486486486486487,False,Minnesota Timberwolves,Sacramento Kings,14.0,0.2407391
22500039,2025-11-14,2025,Completed,1610612752,1610612748,Miami Heat @ New York Knicks,1.0,140,132,0.6498935,True,0.6666666666666666,0.6153846153846154,0.6486486486486487,0.6486486486486487,0.6486486486486487,False,New York Knicks,Miami Heat,8.0,0.14989352
22500045,2025-11-14,2025,Completed,1610612740,1610612747,Los Angeles Lakers @ New Orleans Pelicans,0.0,104,118,0.24645247,True,0.8333333333333334,0.5384615384615384,0.6486486486486487,0.6486486486486487,0.6486486486486487,False,New Orleans Pelicans,Los Angeles Lakers,-14.0,0.25354755
22500042,2025-11-14,2025,Completed,1610612745,1610612757,Portland Trail Blazers @ Houston Rockets,1.0,140,116,0.6438066,True,0.6363636363636364,0.3333333333333333,0.6486486486486487,0.6486486486486487,0.6486486486486487,False,Houston Rockets,Portland Trail Blazers,24.0,0.14380658
22500040,2025-11-14,2025,Completed,1610612753,1610612751,Brooklyn Nets @ Orlando Magic,1.0,105,98,0.7981125,True,0.5384615384615384,0.8333333333333334,0.6486486486486487,0.6486486486486487,0.6486486486486487,False,Orlando Magic,Brooklyn Nets,7.0,0.2981125
22500232,2025-11-15,2025,Completed,1610612750,1610612743,Denver Nuggets @ Minnesota Timberwolves,0.0,112,123,0.6060382,False,0.6153846153846154,0.6666666666666666,0.6473684210526316,0.6473684210526316,0.6473684210526316,False,Minnesota Timberwolves,Denver Nuggets,-11.0,0.10603821
22500230,2025-11-15,2025,Completed,1610612754,1610612761,Toronto Raptors @ Indiana Pacers,0.0,111,129,0.3380274,True,0.6153846153846154,0.46153846153846156,0.6473684210526316,0.6473684210526316,0.6473684210526316,False,Indiana Pacers,Toronto Raptors,-18.0,0.16197261
22500228,2025-11-15,2025,Completed,1610612739,1610612763,Memphis Grizzlies @ Cleveland Cavaliers,1.0,108,100,0.75847846,True,0.5714285714285714,0.7857142857142857,0.6473684210526316,0.6473684210526316,0.6473684210526316,False,Cleveland Cavaliers,Memphis Grizzlies,8.0,0.25847846
22500229,2025-11-15,2025,Completed,1610612766,1610612760,Oklahoma City Thunder @ Charlotte Hornets,0.0,96,109,0.2827829,True,0.6923076923076923,0.8571428571428571,0.6473684210526316,0.6473684210526316,0.6473684210526316,False,Charlotte Hornets,Oklahoma City Thunder,-13.0,0.21721709
22500231,2025-11-15,2025,Completed,1610612749,1610612747,Los Angeles Lakers @ Milwaukee Bucks,0.0,95,119,0.57620424,False,0.6428571428571429,0.5,0.6473684210526316,0.6473684210526316,0.6473684210526316,False,Milwaukee Bucks,Los Angeles Lakers,-24.0,0.07620424
22500240,2025-11-16,2025,Completed,1610612762,1610612741,Chicago Bulls @ Utah Jazz,1.0,150,147,0.38276744,False,0.6153846153846154,0.75,0.6414141414141414,0.6414141414141414,0.6414141414141414,False,Utah Jazz,Chicago Bulls,3.0,0.11723256
22500235,2025-11-16,2025,Completed,1610612764,1610612751,Brooklyn Nets @ Washington Wizards,0.0,106,129,0.535772,False,0.7692307692307693,0.7692307692307693,0.6414141414141414,0.6414141414141414,0.6414141414141414,False,Washington Wizards,Brooklyn Nets,-23.0,0.035772026
22500237,2025-11-16,2025,Completed,1610612740,1610612744,Golden State Warriors @ New Orleans Pelicans,0.0,106,124,0.2711361,True,0.8461538461538461,0.4666666666666667,0.6414141414141414,0.6414141414141414,0.6414141414141414,False,New Orleans Pelicans,Golden State Warriors,-18.0,0.2288639
22500239,2025-11-16,2025,Completed,1610612756,1610612737,Atlanta Hawks @ Phoenix Suns,0.0,122,124,0.6027702,False,0.7142857142857143,0.42857142857142855,0.6414141414141414,0.6414141414141414,0.6414141414141414,False,Phoenix Suns,Atlanta Hawks,-2.0,0.10277021
22500238,2025-11-16,2025,Completed,1610612742,1610612757,Portland Trail Blazers @ Dallas Mavericks,1.0,138,133,0.43485686,False,0.6153846153846154,0.3076923076923077,0.6414141414141414,0.6414141414141414,0.6414141414141414,False,Dallas Mavericks,Portland Trail Blazers,5.0,0.06514314
22500234,2025-11-16,2025,Completed,1610612759,1610612758,Sacramento Kings @ San Antonio Spurs,1.0,123,110,0.75317454,True,0.6153846153846154,0.8571428571428571,0.6414141414141414,0.6414141414141414,0.6414141414141414,False,San Antonio Spurs,Sacramento Kings,13.0,0.25317454
22500236,2025-11-16,2025,Completed,1610612745,1610612753,Orlando Magic @ Houston Rockets,1.0,117,113,0.6974991,True,0.6666666666666666,0.5714285714285714,0.6414141414141414,0.6414141414141414,0.6414141414141414,False,Houston Rockets,Orlando Magic,4.0,0.1974991
22500233,2025-11-16,2025,Completed,1610612738,1610612746,LA Clippers @ Boston Celtics,1.0,121,118,0.6505003,True,0.6428571428571429,0.5384615384615384,0.6414141414141414,0.6414141414141414,0.6414141414141414,False,Boston Celtics,LA Clippers,3.0,0.1505003
22500241,2025-11-17,2025,Completed,1610612739,1610612749,Milwaukee Bucks @ Cleveland Cavaliers,1.0,118,106,0.63111216,True,0.6,0.6666666666666666,0.6504854368932039,0.6504854368932039,0.6504854368932039,False,Cleveland Cavaliers,Milwaukee Bucks,12.0,0.13111216
22500243,2025-11-17,2025,Completed,1610612755,1610612746,LA Clippers @ Philadelphia 76ers,1.0,110,108,0.6157922,True,0.7692307692307693,0.5714285714285714,0.6504854368932039,0.6504854368932039,0.6504854368932039,False,Philadelphia 76ers,LA Clippers,2.0,0.115792215
22500247,2025-11-17,2025,Completed,1610612740,1610612760,Oklahoma City Thunder @ New Orleans Pelicans,0.0,109,126,0.21730852,True,0.8571428571428571,0.8666666666666667,0.6504854368932039,0.6504854368932039,0.6504854368932039,False,New Orleans Pelicans,Oklahoma City Thunder,-17.0,0.28269148
22500242,2025-11-17,2025,Completed,1610612765,1610612754,Indiana Pacers @ Detroit Pistons,1.0,127,112,0.7782093,True,0.6923076923076923,0.6428571428571429,0.6504854368932039,0.6504854368932039,0.6504854368932039,False,Detroit Pistons,Indiana Pacers,15.0,0.27820933
22500244,2025-11-17,2025,Completed,1610612748,1610612752,New York Knicks @ Miami Heat,1.0,115,113,0.53055954,True,0.6428571428571429,0.6923076923076923,0.6504854368932039,0.6504854368932039,0.6504854368932039,False,Miami Heat,New York Knicks,2.0,0.03055954
22500245,2025-11-17,2025,Completed,1610612761,1610612766,Charlotte Hornets @ Toronto Raptors,1.0,110,108,0.7521152,True,0.5,0.7142857142857143,0.6504854368932039,0.6504854368932039,0.6504854368932039,False,Toronto Raptors,Charlotte Hornets,2.0,0.2521152
22500248,2025-11-17,2025,Completed,1610612743,1610612741,Chicago Bulls @ Denver Nuggets,0.0,127,130,0.71063226,False,0.6153846153846154,0.6923076923076923,0.6504854368932039,0.6504854368932039,0.6504854368932039,False,Denver Nuggets,Chicago Bulls,-3.0,0.21063226
22500246,2025-11-17,2025,Completed,1610612750,1610612742,Dallas Mavericks @ Minnesota Timberwolves,1.0,120,96,0.70799977,True,0.6428571428571429,0.6428571428571429,0.6504854368932039,0.6504854368932039,0.6504854368932039,False,Minnesota Timberwolves,Dallas Mavericks,24.0,0.20799977
22500253,2025-11-18,2025,Completed,1610612747,1610612762,Utah Jazz @ Los Angeles Lakers,1.0,140,126,0.7808747,True,0.5333333333333333,0.6428571428571429,0.6509433962264151,0.6509433962264151,0.6509433962264151,False,Los Angeles Lakers,Utah Jazz,14.0,0.28087473
22500249,2025-11-18,2025,Completed,1610612753,1610612744,Golden State Warriors @ Orlando Magic,1.0,121,113,0.4946694,False,0.5333333333333333,0.4375,0.6509433962264151,0.6509433962264151,0.6509433962264151,False,Orlando Magic,Golden State Warriors,8.0,0.0053305924
22500251,2025-11-18,2025,Completed,1610612737,1610612765,Detroit Pistons @ Atlanta Hawks,0.0,112,120,0.4756074,True,0.4666666666666667,0.7142857142857143,0.6509433962264151,0.6509433962264151,0.6509433962264151,False,Atlanta Hawks,Detroit Pistons,-8.0,0.024392605
22500250,2025-11-18,2025,Completed,1610612751,1610612738,Boston Celtics @ Brooklyn Nets,0.0,99,113,0.24362397,True,0.7857142857142857,0.6666666666666666,0.6509433962264151,0.6509433962264151,0.6509433962264151,False,Brooklyn Nets,Boston Celtics,-14.0,0.25637603
22500254,2025-11-18,2025,Completed,1610612757,1610612756,Phoenix Suns @ Portland Trail Blazers,0.0,110,127,0.5150684,False,0.2857142857142857,0.6666666666666666,0.6509433962264151,0.6509433962264151,0.6509433962264151,False,Portland Trail Blazers,Phoenix Suns,-17.0,0.015068412
22500252,2025-11-18,2025,Completed,1610612759,1610612763,Memphis Grizzlies @ San Antonio Spurs,1.0,111,101,0.79102343,True,0.6428571428571429,0.8,0.6509433962264151,0.6509433962264151,0.6509433962264151,False,San Antonio Spurs,Memphis Grizzlies,10.0,0.29102343
22500263,2025-11-19,2025,Completed,1610612757,1610612741,Chicago Bulls @ Portland Trail Blazers,0.0,121,122,0.47553757,True,0.3333333333333333,0.7142857142857143,0.6606334841628959,0.6606334841628959,0.6606334841628959,False,Portland Trail Blazers,Chicago Bulls,-1.0,0.024462432
22500256,2025-11-19,2025,Completed,1610612754,1610612766,Charlotte Hornets @ Indiana Pacers,1.0,127,118,0.435347,False,0.6,0.6666666666666666,0.6606334841628959,0.6606334841628959,0.6606334841628959,False,Indiana Pacers,Charlotte Hornets,9.0,0.06465301
22500257,2025-11-19,2025,Completed,1610612748,1610612744,Golden State Warriors @ Miami Heat,1.0,110,96,0.63758194,True,0.6666666666666666,0.47058823529411764,0.6606334841628959,0.6606334841628959,0.6606334841628959,False,Miami Heat,Golden State Warriors,14.0,0.13758194
22500258,2025-11-19,2025,Completed,1610612755,1610612761,Toronto Raptors @ Philadelphia 76ers,0.0,112,121,0.45946285,True,0.7857142857142857,0.5333333333333333,0.6606334841628959,0.6606334841628959,0.6606334841628959,False,Philadelphia 76ers,Toronto Raptors,-9.0,0.04053715
22500260,2025-11-19,2025,Completed,1610612740,1610612743,Denver Nuggets @ New Orleans Pelicans,0.0,118,125,0.22804534,True,0.8666666666666667,0.6428571428571429,0.6606334841628959,0.6606334841628959,0.6606334841628959,False,New Orleans Pelicans,Denver Nuggets,-7.0,0.27195466
22500261,2025-11-19,2025,Completed,1610612760,1610612758,Sacramento Kings @ Oklahoma City Thunder,1.0,113,99,0.8312072,True,0.875,0.8666666666666667,0.6606334841628959,0.6606334841628959,0.6606334841628959,False,Oklahoma City Thunder,Sacramento Kings,14.0,0.33120722
22500262,2025-11-19,2025,Completed,1610612742,1610612752,New York Knicks @ Dallas Mavericks,0.0,111,113,0.3918971,True,0.6666666666666666,0.7142857142857143,0.6606334841628959,0.6606334841628959,0.6606334841628959,False,Dallas Mavericks,New York Knicks,-2.0,0.10810289
22500259,2025-11-19,2025,Completed,1610612750,1610612764,Washington Wizards @ Minnesota Timberwolves,1.0,120,109,0.79406536,True,0.6666666666666666,0.7857142857142857,0.6606334841628959,0.6606334841628959,0.6606334841628959,False,Minnesota Timberwolves,Washington Wizards,11.0,0.29406536
22500255,2025-11-19,2025,Completed,1610612739,1610612745,Houston Rockets @ Cleveland Cavaliers,0.0,104,114,0.47811773,True,0.625,0.6923076923076923,0.6606334841628959,0.6606334841628959,0.6606334841628959,False,Cleveland Cavaliers,Houston Rockets,-10.0,0.021882266
22500266,2025-11-20,2025,Completed,1610612749,1610612755,Philadelphia 76ers @ Milwaukee Bucks,0.0,114,123,0.63618404,False,0.625,0.7333333333333333,0.6622222222222223,0.6622222222222223,0.6622222222222223,False,Milwaukee Bucks,Philadelphia 76ers,-9.0,0.13618404
22500264,2025-11-20,2025,Completed,1610612753,1610612746,LA Clippers @ Orlando Magic,1.0,129,101,0.67816913,True,0.5625,0.6,0.6622222222222223,0.6622222222222223,0.6622222222222223,False,Orlando Magic,LA Clippers,28.0,0.17816913
22500267,2025-11-20,2025,Completed,1610612759,1610612737,Atlanta Hawks @ San Antonio Spurs,1.0,135,126,0.6453218,True,0.6666666666666666,0.5,0.6622222222222223,0.6622222222222223,0.6622222222222223,False,San Antonio Spurs,Atlanta Hawks,9.0,0.14532179
22500265,2025-11-20,2025,Completed,1610612763,1610612758,Sacramento Kings @ Memphis Grizzlies,1.0,137,96,0.50069356,True,0.8125,0.875,0.6622222222222223,0.6622222222222223,0.6622222222222223,False,Memphis Grizzlies,Sacramento Kings,41.0,0.00069355965
22500052,2025-11-21,2025,Completed,1610612742,1610612740,New Orleans Pelicans @ Dallas Mavericks,1.0,118,115,0.59855783,True,0.6875,0.875,0.6581196581196581,0.6581196581196581,0.6581196581196581,False,Dallas Mavericks,New Orleans Pelicans,3.0,0.09855783
22500049,2025-11-21,2025,Completed,1610612738,1610612751,Brooklyn Nets @ Boston Celtics,0.0,105,113,0.79467285,False,0.625,0.7333333333333333,0.6581196581196581,0.6581196581196581,0.6581196581196581,False,Boston Celtics,Brooklyn Nets,-8.0,0.29467285
22500051,2025-11-21,2025,Completed,1610612741,1610612748,Miami Heat @ Chicago Bulls,0.0,107,143,0.58743566,False,0.6666666666666666,0.625,0.6581196581196581,0.6581196581196581,0.6581196581196581,False,Chicago Bulls,Miami Heat,-36.0,0.08743566
22500055,2025-11-21,2025,Completed,1610612762,1610612760,Oklahoma City Thunder @ Utah Jazz,0.0,112,144,0.30349374,True,0.6666666666666666,0.8823529411764706,0.6581196581196581,0.6581196581196581,0.6581196581196581,False,Utah Jazz,Oklahoma City Thunder,-32.0,0.19650626
22500054,2025-11-21,2025,Completed,1610612745,1610612743,Denver Nuggets @ Houston Rockets,0.0,109,112,0.5906236,False,0.6428571428571429,0.6,0.6581196581196581,0.6581196581196581,0.6581196581196581,False,Houston Rockets,Denver Nuggets,-3.0,0.09062362
22500053,2025-11-21,2025,Completed,1610612756,1610612750,Minnesota Timberwolves @ Phoenix Suns,1.0,114,113,0.505769,True,0.6875,0.6875,0.6581196581196581,0.6581196581196581,0.6581196581196581,False,Phoenix Suns,Minnesota Timberwolves,1.0,0.0057690144
22500056,2025-11-21,2025,Completed,1610612744,1610612757,Portland Trail Blazers @ Golden State Warriors,0.0,123,127,0.66150963,False,0.4444444444444444,0.3125,0.6581196581196581,0.6581196581196581,0.6581196581196581,False,Golden State Warriors,Portland Trail Blazers,-4.0,0.16150963
22500050,2025-11-21,2025,Completed,1610612761,1610612764,Washington Wizards @ Toronto Raptors,1.0,140,110,0.80337286,True,0.5625,0.8,0.6581196581196581,0.6581196581196581,0.6581196581196581,False,Toronto Raptors,Washington Wizards,30.0,0.30337286
22500048,2025-11-21,2025,Completed,1610612739,1610612754,Indiana Pacers @ Cleveland Cavaliers,1.0,120,109,0.7525522,True,0.6470588235294118,0.625,0.6581196581196581,0.6581196581196581,0.6581196581196581,False,Cleveland Cavaliers,Indiana Pacers,11.0,0.2525522
22500274,2025-11-22,2025,Completed,1610612743,1610612758,Sacramento Kings @ Denver Nuggets,0.0,123,128,0.85645336,False,0.5625,0.8235294117647058,0.6597510373443983,0.6597510373443983,0.6597510373443983,False,Denver Nuggets,Sacramento Kings,-5.0,0.35645336
22500270,2025-11-22,2025,Completed,1610612740,1610612737,Atlanta Hawks @ New Orleans Pelicans,0.0,98,115,0.26780963,True,0.8823529411764706,0.5294117647058824,0.6597510373443983,0.6597510373443983,0.6597510373443983,False,New Orleans Pelicans,Atlanta Hawks,-17.0,0.23219037
22500271,2025-11-22,2025,Completed,1610612741,1610612764,Washington Wizards @ Chicago Bulls,1.0,121,120,0.8023821,True,0.6875,0.8125,0.6597510373443983,0.6597510373443983,0.6597510373443983,False,Chicago Bulls,Washington Wizards,1.0,0.3023821
22500268,2025-11-22,2025,Completed,1610612766,1610612746,LA Clippers @ Charlotte Hornets,0.0,116,131,0.47012228,True,0.6875,0.625,0.6597510373443983,0.6597510373443983,0.6597510373443983,False,Charlotte Hornets,LA Clippers,-15.0,0.029877722
22500273,2025-11-22,2025,Completed,1610612742,1610612763,Memphis Grizzlies @ Dallas Mavericks,0.0,96,102,0.53890747,False,0.6470588235294118,0.7647058823529411,0.6597510373443983,0.6597510373443983,0.6597510373443983,False,Dallas Mavericks,Memphis Grizzlies,-6.0,0.03890747
22500272,2025-11-22,2025,Completed,1610612749,1610612765,Detroit Pistons @ Milwaukee Bucks,0.0,116,129,0.441503,True,0.6470588235294118,0.7333333333333333,0.6597510373443983,0.6597510373443983,0.6597510373443983,False,Milwaukee Bucks,Detroit Pistons,-13.0,0.05849701
22500269,2025-11-22,2025,Completed,1610612753,1610612752,New York Knicks @ Orlando Magic,1.0,133,121,0.60034734,True,0.5882352941176471,0.7333333333333333,0.6597510373443983,0.6597510373443983,0.6597510373443983,False,Orlando Magic,New York Knicks,12.0,0.10034734
22500276,2025-11-23,2025,Completed,1610612737,1610612766,Charlotte Hornets @ Atlanta Hawks,1.0,113,110,0.76138943,True,0.5555555555555556,0.7058823529411765,0.6706827309236948,0.6706827309236948,0.6706827309236948,False,Atlanta Hawks,Charlotte Hornets,3.0,0.26138943
22500280,2025-11-23,2025,Completed,1610612760,1610612757,Portland Trail Blazers @ Oklahoma City Thunder,1.0,122,95,0.79727405,True,0.8888888888888888,0.35294117647058826,0.6706827309236948,0.6706827309236948,0.6706827309236948,False,Oklahoma City Thunder,Portland Trail Blazers,27.0,0.29727405
22500275,2025-11-23,2025,Completed,1610612755,1610612748,Miami Heat @ Philadelphia 76ers,0.0,117,127,0.46648663,True,0.75,0.6470588235294118,0.6706827309236948,0.6706827309236948,0.6706827309236948,False,Philadelphia 76ers,Miami Heat,-10.0,0.033513367
22500279,2025-11-23,2025,Completed,1610612761,1610612751,Brooklyn Nets @ Toronto Raptors,1.0,119,109,0.8167483,True,0.5882352941176471,0.75,0.6706827309236948,0.6706827309236948,0.6706827309236948,False,Toronto Raptors,Brooklyn Nets,10.0,0.31674832
22500277,2025-11-23,2025,Completed,1610612738,1610612753,Orlando Magic @ Boston Celtics,1.0,138,129,0.543234,True,0.6470588235294118,0.6111111111111112,0.6706827309236948,0.6706827309236948,0.6706827309236948,False,Boston Celtics,Orlando Magic,9.0,0.04323399
22500278,2025-11-23,2025,Completed,1610612739,1610612746,LA Clippers @ Cleveland Cavaliers,1.0,120,105,0.7397982,True,0.6666666666666666,0.6470588235294118,0.6706827309236948,0.6706827309236948,0.6706827309236948,False,Cleveland Cavaliers,LA Clippers,15.0,0.23979819
22500282,2025-11-23,2025,Completed,1610612762,1610612747,Los Angeles Lakers @ Utah Jazz,0.0,106,108,0.35075468,True,0.6875,0.5625,0.6706827309236948,0.6706827309236948,0.6706827309236948,False,Utah Jazz,Los Angeles Lakers,-2.0,0.14924532
22500281,2025-11-23,2025,Completed,1610612756,1610612759,San Antonio Spurs @ Phoenix Suns,1.0,111,102,0.61421174,True,0.7058823529411765,0.6875,0.6706827309236948,0.6706827309236948,0.6706827309236948,False,Phoenix Suns,San Antonio Spurs,9.0,0.11421174
22500288,2025-11-24,2025,Completed,1610612749,1610612757,Portland Trail Blazers @ Milwaukee Bucks,0.0,103,115,0.543996,False,0.6111111111111112,0.3333333333333333,0.667953667953668,0.667953667953668,0.667953667953668,False,Milwaukee Bucks,Portland Trail Blazers,-12.0,0.043995976
22500284,2025-11-24,2025,Completed,1610612761,1610612739,Cleveland Cavaliers @ Toronto Raptors,1.0,110,99,0.62966937,True,0.6111111111111112,0.6842105263157895,0.667953667953668,0.667953667953668,0.667953667953668,False,Toronto Raptors,Cleveland Cavaliers,11.0,0.12966937
22500289,2025-11-24,2025,Completed,1610612740,1610612741,Chicago Bulls @ New Orleans Pelicans,1.0,143,130,0.35483772,False,0.8333333333333334,0.6470588235294118,0.667953667953668,0.667953667953668,0.667953667953668,False,New Orleans Pelicans,Chicago Bulls,13.0,0.14516228
22500283,2025-11-24,2025,Completed,1610612754,1610612765,Detroit Pistons @ Indiana Pacers,0.0,117,122,0.37013918,True,0.6470588235294118,0.75,0.667953667953668,0.667953667953668,0.667953667953668,False,Indiana Pacers,Detroit Pistons,-5.0,0.12986082
22500286,2025-11-24,2025,Completed,1610612748,1610612742,Dallas Mavericks @ Miami Heat,1.0,106,102,0.76286185,True,0.6666666666666666,0.6666666666666666,0.667953667953668,0.667953667953668,0.667953667953668,False,Miami Heat,Dallas Mavericks,4.0,0.26286185
22500292,2025-11-24,2025,Completed,1610612758,1610612750,Minnesota Timberwolves @ Sacramento Kings,1.0,117,112,0.28365284,False,0.7777777777777778,0.6470588235294118,0.667953667953668,0.667953667953668,0.667953667953668,False,Sacramento Kings,Minnesota Timberwolves,5.0,0.21634716
22500290,2025-11-24,2025,Completed,1610612756,1610612745,Houston Rockets @ Phoenix Suns,0.0,92,114,0.54434496,False,0.6666666666666666,0.6,0.667953667953668,0.667953667953668,0.667953667953668,False,Phoenix Suns,Houston Rockets,-22.0,0.04434496
22500285,2025-11-24,2025,Completed,1610612751,1610612752,New York Knicks @ Brooklyn Nets,0.0,100,113,0.24924454,True,0.7647058823529411,0.75,0.667953667953668,0.667953667953668,0.667953667953668,False,Brooklyn Nets,New York Knicks,-13.0,0.25075546
22500291,2025-11-24,2025,Completed,1610612744,1610612762,Utah Jazz @ Golden State Warriors,1.0,134,117,0.6923095,True,0.47368421052631576,0.7058823529411765,0.667953667953668,0.667953667953668,0.667953667953668,False,Golden State Warriors,Utah Jazz,17.0,0.1923095
22500287,2025-11-24,2025,Completed,1610612763,1610612743,Denver Nuggets @ Memphis Grizzlies,0.0,115,125,0.28394413,True,0.7777777777777778,0.5882352941176471,0.667953667953668,0.667953667953668,0.667953667953668,False,Memphis Grizzlies,Denver Nuggets,-10.0,0.21605587
22500059,2025-11-25,2025,Completed,1610612747,1610612746,LA Clippers @ Los Angeles Lakers,1.0,135,118,0.7958031,True,0.5882352941176471,0.6666666666666666,0.6641221374045801,0.6641221374045801,0.6641221374045801,False,Los Angeles Lakers,LA Clippers,17.0,0.29580313
22500057,2025-11-25,2025,Completed,1610612764,1610612737,Atlanta Hawks @ Washington Wizards,1.0,132,113,0.27526957,False,0.7647058823529411,0.5263157894736842,0.6641221374045801,0.6641221374045801,0.6641221374045801,False,Washington Wizards,Atlanta Hawks,19.0,0.22473043
22500058,2025-11-25,2025,Completed,1610612755,1610612753,Orlando Magic @ Philadelphia 76ers,0.0,103,144,0.519162,False,0.7058823529411765,0.5789473684210527,0.6641221374045801,0.6641221374045801,0.6641221374045801,False,Philadelphia 76ers,Orlando Magic,-41.0,0.019162
22500068,2025-11-26,2025,Completed,1610612758,1610612756,Phoenix Suns @ Sacramento Kings,0.0,100,112,0.32078958,True,0.7894736842105263,0.6842105263157895,0.6715867158671587,0.6715867158671587,0.6715867158671587,False,Sacramento Kings,Phoenix Suns,-12.0,0.17921042
22500064,2025-11-26,2025,Completed,1610612760,1610612750,Minnesota Timberwolves @ Oklahoma City Thunder,1.0,113,105,0.75540274,True,0.8947368421052632,0.6666666666666666,0.6715867158671587,0.6715867158671587,0.6715867158671587,False,Oklahoma City Thunder,Minnesota Timberwolves,8.0,0.25540274
22500066,2025-11-26,2025,Completed,1610612744,1610612745,Houston Rockets @ Golden State Warriors,0.0,100,104,0.4279371,True,0.5,0.625,0.6715867158671587,0.6715867158671587,0.6715867158671587,False,Golden State Warriors,Houston Rockets,-4.0,0.07206291
22500061,2025-11-26,2025,Completed,1610612766,1610612752,New York Knicks @ Charlotte Hornets,0.0,101,129,0.3086791,True,0.7222222222222222,0.7647058823529411,0.6715867158671587,0.6715867158671587,0.6715867158671587,False,Charlotte Hornets,New York Knicks,-28.0,0.1913209
22500065,2025-11-26,2025,Completed,1610612740,1610612763,Memphis Grizzlies @ New Orleans Pelicans,0.0,128,133,0.39816144,True,0.8421052631578947,0.7894736842105263,0.6715867158671587,0.6715867158671587,0.6715867158671587,False,New Orleans Pelicans,Memphis Grizzlies,-5.0,0.10183856
22500063,2025-11-26,2025,Completed,1610612761,1610612754,Indiana Pacers @ Toronto Raptors,1.0,97,95,0.8198065,True,0.631578947368421,0.6666666666666666,0.6715867158671587,0.6715867158671587,0.6715867158671587,False,Toronto Raptors,Indiana Pacers,2.0,0.31980652
22500067,2025-11-26,2025,Completed,1610612757,1610612759,San Antonio Spurs @ Portland Trail Blazers,0.0,102,115,0.397963,True,0.3684210526315789,0.7058823529411765,0.6715867158671587,0.6715867158671587,0.6715867158671587,False,Portland Trail Blazers,San Antonio Spurs,-13.0,0.10203701
22500060,2025-11-26,2025,Completed,1610612738,1610612765,Detroit Pistons @ Boston Celtics,1.0,117,114,0.44021425,False,0.6111111111111112,0.7058823529411765,0.6715867158671587,0.6715867158671587,0.6715867158671587,False,Boston Celtics,Detroit Pistons,3.0,0.059785753
22500062,2025-11-26,2025,Completed,1610612748,1610612749,Milwaukee Bucks @ Miami Heat,1.0,106,103,0.7145701,True,0.6842105263157895,0.631578947368421,0.6715867158671587,0.6715867158671587,0.6715867158671587,False,Miami Heat,Milwaukee Bucks,3.0,0.2145701
22500073,2025-11-28,2025,Completed,1610612754,1610612764,Washington Wizards @ Indiana Pacers,1.0,119,86,0.60410917,True,0.6842105263157895,0.7777777777777778,0.6702127659574468,0.6702127659574468,0.6702127659574468,False,Indiana Pacers,Washington Wizards,33.0,0.10410917
22500074,2025-11-28,2025,Completed,1610612752,1610612749,Milwaukee Bucks @ New York Knicks,1.0,118,109,0.7871414,True,0.7777777777777778,0.65,0.6702127659574468,0.6702127659574468,0.6702127659574468,False,New York Knicks,Milwaukee Bucks,9.0,0.28714138
22500075,2025-11-28,2025,Completed,1610612760,1610612756,Phoenix Suns @ Oklahoma City Thunder,1.0,123,119,0.7259323,True,0.9,0.7,0.6702127659574468,0.6702127659574468,0.6702127659574468,False,Oklahoma City Thunder,Phoenix Suns,4.0,0.2259323
22500072,2025-11-28,2025,Completed,1610612765,1610612753,Orlando Magic @ Detroit Pistons,0.0,109,112,0.6603681,False,0.6666666666666666,0.55,0.6702127659574468,0.6702127659574468,0.6702127659574468,False,Detroit Pistons,Orlando Magic,-3.0,0.16036808
22500070,2025-11-28,2025,Completed,1610612751,1610612755,Philadelphia 76ers @ Brooklyn Nets,0.0,103,115,0.3494527,True,0.7777777777777778,0.7222222222222222,0.6702127659574468,0.6702127659574468,0.6702127659574468,False,Brooklyn Nets,Philadelphia 76ers,-12.0,0.1505473
22500076,2025-11-28,2025,Completed,1610612743,1610612759,San Antonio Spurs @ Denver Nuggets,0.0,136,139,0.6519651,False,0.5555555555555556,0.6666666666666666,0.6702127659574468,0.6702127659574468,0.6702127659574468,False,Denver Nuggets,San Antonio Spurs,-3.0,0.15196508
22500069,2025-11-28,2025,Completed,1610612737,1610612739,Cleveland Cavaliers @ Atlanta Hawks,1.0,130,123,0.57514143,True,0.55,0.7,0.6702127659574468,0.6702127659574468,0.6702127659574468,False,Atlanta Hawks,Cleveland Cavaliers,7.0,0.07514143
22500078,2025-11-28,2025,Completed,1610612747,1610612742,Dallas Mavericks @ Los Angeles Lakers,1.0,129,119,0.7930828,True,0.6111111111111112,0.6842105263157895,0.6702127659574468,0.6702127659574468,0.6702127659574468,False,Los Angeles Lakers,Dallas Mavericks,10.0,0.29308277
22500071,2025-11-28,2025,Completed,1610612766,1610612741,Chicago Bulls @ Charlotte Hornets,1.0,123,116,0.29562783,False,0.6842105263157895,0.6111111111111112,0.6702127659574468,0.6702127659574468,0.6702127659574468,False,Charlotte Hornets,Chicago Bulls,7.0,0.20437217
22500079,2025-11-28,2025,Completed,1610612746,1610612763,Memphis Grizzlies @ LA Clippers,0.0,107,112,0.55999905,False,0.631578947368421,0.75,0.6702127659574468,0.6702127659574468,0.6702127659574468,False,LA Clippers,Memphis Grizzlies,-5.0,0.05999905
22500077,2025-11-28,2025,Completed,1610612762,1610612758,Sacramento Kings @ Utah Jazz,1.0,128,119,0.5241664,True,0.7222222222222222,0.8,0.6702127659574468,0.6702127659574468,0.6702127659574468,False,Utah Jazz,Sacramento Kings,9.0,0.024166405
22500296,2025-11-29,2025,Completed,1610612748,1610612765,Detroit Pistons @ Miami Heat,0.0,135,138,0.5631175,False,0.65,0.631578947368421,0.6586206896551724,0.6586206896551724,0.6586206896551724,False,Miami Heat,Detroit Pistons,-3.0,0.063117504
22500297,2025-11-29,2025,Completed,1610612749,1610612751,Brooklyn Nets @ Milwaukee Bucks,1.0,116,99,0.5584033,True,0.6666666666666666,0.7894736842105263,0.6586206896551724,0.6586206896551724,0.6586206896551724,False,Milwaukee Bucks,Brooklyn Nets,17.0,0.058403313
22500298,2025-11-29,2025,Completed,1610612744,1610612740,New Orleans Pelicans @ Golden State Warriors,1.0,104,96,0.71531427,True,0.5238095238095238,0.85,0.6586206896551724,0.6586206896551724,0.6586206896551724,False,Golden State Warriors,New Orleans Pelicans,8.0,0.21531427
22500294,2025-11-29,2025,Completed,1610612766,1610612761,Toronto Raptors @ Charlotte Hornets,1.0,118,111,0.27010888,False,0.65,0.6,0.6586206896551724,0.6586206896551724,0.6586206896551724,False,Charlotte Hornets,Toronto Raptors,7.0,0.22989112
22500299,2025-11-29,2025,Completed,1610612756,1610612743,Denver Nuggets @ Phoenix Suns,0.0,112,130,0.5092178,False,0.6666666666666666,0.5263157894736842,0.6586206896551724,0.6586206896551724,0.6586206896551724,False,Phoenix Suns,Denver Nuggets,-18.0,0.009217799
22500295,2025-11-29,2025,Completed,1610612754,1610612741,Chicago Bulls @ Indiana Pacers,1.0,103,101,0.483711,False,0.65,0.5789473684210527,0.6586206896551724,0.6586206896551724,0.6586206896551724,False,Indiana Pacers,Chicago Bulls,2.0,0.016288996
22500293,2025-11-29,2025,Completed,1610612750,1610612738,Boston Celtics @ Minnesota Timberwolves,1.0,119,115,0.4897327,False,0.631578947368421,0.5789473684210527,0.6586206896551724,0.6586206896551724,0.6586206896551724,False,Minnesota Timberwolves,Boston Celtics,4.0,0.0102672875
22500300,2025-11-29,2025,Completed,1610612746,1610612742,Dallas Mavericks @ LA Clippers,0.0,110,114,0.56435233,False,0.6,0.65,0.6586206896551724,0.6586206896551724,0.6586206896551724,False,LA Clippers,Dallas Mavericks,-4.0,0.06435233
22500307,2025-11-30,2025,Completed,1610612758,1610612763,Memphis Grizzlies @ Sacramento Kings,0.0,107,115,0.4725776,True,0.8095238095238095,0.7619047619047619,0.6644295302013423,0.6644295302013423,0.6644295302013423,False,Sacramento Kings,Memphis Grizzlies,-8.0,0.027422398
22500301,2025-11-30,2025,Completed,1610612762,1610612745,Houston Rockets @ Utah Jazz,0.0,101,129,0.34194443,True,0.7368421052631579,0.6470588235294118,0.6644295302013423,0.6644295302013423,0.6644295302013423,False,Utah Jazz,Houston Rockets,-28.0,0.15805557
22500305,2025-11-30,2025,Completed,1610612757,1610612760,Oklahoma City Thunder @ Portland Trail Blazers,0.0,115,123,0.28421742,True,0.4,0.9047619047619048,0.6644295302013423,0.6644295302013423,0.6644295302013423,False,Portland Trail Blazers,Oklahoma City Thunder,-8.0,0.21578258
22500302,2025-11-30,2025,Completed,1610612739,1610612738,Boston Celtics @ Cleveland Cavaliers,0.0,115,117,0.54827255,False,0.6666666666666666,0.55,0.6644295302013423,0.6644295302013423,0.6644295302013423,False,Cleveland Cavaliers,Boston Celtics,-2.0,0.04827255
22500303,2025-11-30,2025,Completed,1610612752,1610612761,Toronto Raptors @ New York Knicks,1.0,116,94,0.5747802,True,0.7894736842105263,0.6190476190476191,0.6644295302013423,0.6644295302013423,0.6644295302013423,False,New York Knicks,Toronto Raptors,22.0,0.074780226
22500306,2025-11-30,2025,Completed,1610612750,1610612759,San Antonio Spurs @ Minnesota Timberwolves,1.0,125,112,0.54976887,True,0.65,0.6842105263157895,0.6644295302013423,0.6644295302013423,0.6644295302013423,False,Minnesota Timberwolves,San Antonio Spurs,13.0,0.049768865
22500304,2025-11-30,2025,Completed,1610612755,1610612737,Atlanta Hawks @ Philadelphia 76ers,0.0,134,142,0.35747138,True,0.7368421052631579,0.5714285714285714,0.6644295302013423,0.6644295302013423,0.6644295302013423,False,Philadelphia 76ers,Atlanta Hawks,-8.0,0.14252862
22500308,2025-11-30,2025,Completed,1610612747,1610612740,New Orleans Pelicans @ Los Angeles Lakers,1.0,133,121,0.8289221,True,0.631578947368421,0.8571428571428571,0.6644295302013423,0.6644295302013423,0.6644295302013423,False,Los Angeles Lakers,New Orleans Pelicans,12.0,0.3289221
22500316,2025-12-01,2025,Completed,1610612762,1610612745,Houston Rockets @ Utah Jazz,1.0,133,125,0.30851415,False,0.7,0.6111111111111112,0.6579804560260586,0.6579804560260586,0.6579804560260586,False,Utah Jazz,Houston Rockets,8.0,0.19148585
22500309,2025-12-01,2025,Completed,1610612765,1610612737,Atlanta Hawks @ Detroit Pistons,1.0,99,98,0.66706324,True,0.65,0.5909090909090909,0.6579804560260586,0.6579804560260586,0.6579804560260586,False,Detroit Pistons,Atlanta Hawks,1.0,0.16706324
22500312,2025-12-01,2025,Completed,1610612751,1610612766,Charlotte Hornets @ Brooklyn Nets,1.0,116,103,0.4254022,False,0.75,0.6190476190476191,0.6579804560260586,0.6579804560260586,0.6579804560260586,False,Brooklyn Nets,Charlotte Hornets,13.0,0.074597806
22500313,2025-12-01,2025,Completed,1610612748,1610612746,LA Clippers @ Miami Heat,1.0,140,123,0.7924122,True,0.6666666666666666,0.6190476190476191,0.6579804560260586,0.6579804560260586,0.6579804560260586,False,Miami Heat,LA Clippers,17.0,0.29241222
22500311,2025-12-01,2025,Completed,1610612764,1610612749,Milwaukee Bucks @ Washington Wizards,1.0,129,126,0.34160644,False,0.7368421052631579,0.6363636363636364,0.6579804560260586,0.6579804560260586,0.6579804560260586,False,Washington Wizards,Milwaukee Bucks,3.0,0.15839356
22500310,2025-12-01,2025,Completed,1610612754,1610612739,Cleveland Cavaliers @ Indiana Pacers,0.0,119,135,0.41082743,True,0.6666666666666666,0.6818181818181818,0.6579804560260586,0.6579804560260586,0.6579804560260586,False,Indiana Pacers,Cleveland Cavaliers,-16.0,0.08917257
22500317,2025-12-01,2025,Completed,1610612747,1610612756,Phoenix Suns @ Los Angeles Lakers,0.0,108,125,0.66417444,False,0.6,0.6363636363636364,0.6579804560260586,0.6579804560260586,0.6579804560260586,False,Los Angeles Lakers,Phoenix Suns,-17.0,0.16417444
22500314,2025-12-01,2025,Completed,1610612753,1610612741,Chicago Bulls @ Orlando Magic,1.0,125,120,0.79435945,True,0.5714285714285714,0.6,0.6579804560260586,0.6579804560260586,0.6579804560260586,False,Orlando Magic,Chicago Bulls,5.0,0.29435945
22500315,2025-12-01,2025,Completed,1610612743,1610612742,Dallas Mavericks @ Denver Nuggets,0.0,121,131,0.83348477,False,0.5,0.6190476190476191,0.6579804560260586,0.6579804560260586,0.6579804560260586,False,Denver Nuggets,Dallas Mavericks,-10.0,0.33348477
22500319,2025-12-02,2025,Completed,1610612761,1610612757,Portland Trail Blazers @ Toronto Raptors,1.0,121,118,0.74288756,True,0.6363636363636364,0.42857142857142855,0.6645367412140575,0.6645367412140575,0.6645367412140575,False,Toronto Raptors,Portland Trail Blazers,3.0,0.24288756
22500323,2025-12-02,2025,Completed,1610612744,1610612760,Oklahoma City Thunder @ Golden State Warriors,0.0,112,124,0.36452633,True,0.5454545454545454,0.9090909090909091,0.6645367412140575,0.6645367412140575,0.6645367412140575,False,Golden State Warriors,Oklahoma City Thunder,-12.0,0.13547367
22500320,2025-12-02,2025,Completed,1610612738,1610612752,New York Knicks @ Boston Celtics,1.0,123,117,0.5237582,True,0.5714285714285714,0.8,0.6645367412140575,0.6645367412140575,0.6645367412140575,False,Boston Celtics,New York Knicks,6.0,0.023758173
22500322,2025-12-02,2025,Completed,1610612759,1610612763,Memphis Grizzlies @ San Antonio Spurs,1.0,126,119,0.7115794,True,0.7,0.7727272727272727,0.6645367412140575,0.6645367412140575,0.6645367412140575,False,San Antonio Spurs,Memphis Grizzlies,7.0,0.21157938
22500318,2025-12-02,2025,Completed,1610612755,1610612764,Washington Wizards @ Philadelphia 76ers,1.0,121,102,0.70071906,True,0.75,0.75,0.6645367412140575,0.6645367412140575,0.6645367412140575,False,Philadelphia 76ers,Washington Wizards,19.0,0.20071906
22500321,2025-12-02,2025,Completed,1610612740,1610612750,Minnesota Timberwolves @ New Orleans Pelicans,0.0,142,149,0.31332585,True,0.8636363636363636,0.6666666666666666,0.6645367412140575,0.6645367412140575,0.6645367412140575,False,New Orleans Pelicans,Minnesota Timberwolves,-7.0,0.18667415
22500332,2025-12-03,2025,Completed,1610612742,1610612748,Miami Heat @ Dallas Mavericks,1.0,118,108,0.34810114,False,0.5909090909090909,0.6363636363636364,0.65527950310559,0.65527950310559,0.65527950310559,False,Dallas Mavericks,Miami Heat,10.0,0.15189886
22500328,2025-12-03,2025,Completed,1610612752,1610612766,Charlotte Hornets @ New York Knicks,1.0,119,104,0.809524,True,0.8095238095238095,0.6363636363636364,0.65527950310559,0.65527950310559,0.65527950310559,False,New York Knicks,Charlotte Hornets,15.0,0.309524
22500324,2025-12-03,2025,Completed,1610612739,1610612757,Portland Trail Blazers @ Cleveland Cavaliers,0.0,110,122,0.7634701,False,0.6521739130434783,0.4090909090909091,0.65527950310559,0.65527950310559,0.65527950310559,False,Cleveland Cavaliers,Portland Trail Blazers,-12.0,0.2634701
22500325,2025-12-03,2025,Completed,1610612754,1610612743,Denver Nuggets @ Indiana Pacers,0.0,120,135,0.28814152,True,0.6818181818181818,0.5238095238095238,0.65527950310559,0.65527950310559,0.65527950310559,False,Indiana Pacers,Denver Nuggets,-15.0,0.21185848
22500326,2025-12-03,2025,Completed,1610612753,1610612759,San Antonio Spurs @ Orlando Magic,0.0,112,114,0.6638624,False,0.5454545454545454,0.6666666666666666,0.65527950310559,0.65527950310559,0.65527950310559,False,Orlando Magic,San Antonio Spurs,-2.0,0.1638624
22500331,2025-12-03,2025,Completed,1610612749,1610612765,Detroit Pistons @ Milwaukee Bucks,1.0,113,109,0.3661386,False,0.6086956521739131,0.6190476190476191,0.65527950310559,0.65527950310559,0.65527950310559,False,Milwaukee Bucks,Detroit Pistons,4.0,0.1338614
22500329,2025-12-03,2025,Completed,1610612741,1610612751,Brooklyn Nets @ Chicago Bulls,0.0,103,113,0.65252274,False,0.5714285714285714,0.7142857142857143,0.65527950310559,0.65527950310559,0.65527950310559,False,Chicago Bulls,Brooklyn Nets,-10.0,0.15252274
22500327,2025-12-03,2025,Completed,1610612737,1610612746,LA Clippers @ Atlanta Hawks,0.0,92,115,0.7439947,False,0.5652173913043478,0.5909090909090909,0.65527950310559,0.65527950310559,0.65527950310559,False,Atlanta Hawks,LA Clippers,-23.0,0.24399471
22500330,2025-12-03,2025,Completed,1610612745,1610612758,Sacramento Kings @ Houston Rockets,1.0,121,95,0.783862,True,0.631578947368421,0.8181818181818182,0.65527950310559,0.65527950310559,0.65527950310559,False,Houston Rockets,Sacramento Kings,26.0,0.283862
22500336,2025-12-04,2025,Completed,1610612761,1610612747,Los Angeles Lakers @ Toronto Raptors,0.0,120,123,0.50028414,False,0.6086956521739131,0.5714285714285714,0.6574923547400612,0.6574923547400612,0.6574923547400612,False,Toronto Raptors,Los Angeles Lakers,-3.0,0.00028413534
22500335,2025-12-04,2025,Completed,1610612751,1610612762,Utah Jazz @ Brooklyn Nets,0.0,110,123,0.49125043,True,0.7272727272727273,0.7142857142857143,0.6574923547400612,0.6574923547400612,0.6574923547400612,False,Brooklyn Nets,Utah Jazz,-13.0,0.008749574
22500333,2025-12-04,2025,Completed,1610612755,1610612744,Golden State Warriors @ Philadelphia 76ers,1.0,99,98,0.5650945,True,0.7619047619047619,0.5652173913043478,0.6574923547400612,0.6574923547400612,0.6574923547400612,False,Philadelphia 76ers,Golden State Warriors,1.0,0.06509447
22500334,2025-12-04,2025,Completed,1610612764,1610612738,Boston Celtics @ Washington Wizards,0.0,101,146,0.2297216,True,0.7619047619047619,0.5909090909090909,0.6574923547400612,0.6574923547400612,0.6574923547400612,False,Washington Wizards,Boston Celtics,-45.0,0.2702784
22500337,2025-12-04,2025,Completed,1610612740,1610612750,Minnesota Timberwolves @ New Orleans Pelicans,0.0,116,125,0.3157632,True,0.8695652173913043,0.6818181818181818,0.6574923547400612,0.6574923547400612,0.6574923547400612,False,New Orleans Pelicans,Minnesota Timberwolves,-9.0,0.1842368
22500348,2025-12-05,2025,Completed,1610612749,1610612755,Philadelphia 76ers @ Milwaukee Bucks,0.0,101,116,0.4727875,True,0.625,0.7727272727272727,0.6637168141592921,0.6637168141592921,0.6637168141592921,False,Milwaukee Bucks,Philadelphia 76ers,-15.0,0.0272125
22500345,2025-12-05,2025,Completed,1610612741,1610612754,Indiana Pacers @ Chicago Bulls,0.0,105,120,0.59573823,False,0.5454545454545454,0.6521739130434783,0.6637168141592921,0.6637168141592921,0.6637168141592921,False,Chicago Bulls,Indiana Pacers,-15.0,0.09573823
22500342,2025-12-05,2025,Completed,1610612765,1610612757,Portland Trail Blazers @ Detroit Pistons,1.0,122,116,0.7810541,True,0.6363636363636364,0.43478260869565216,0.6637168141592921,0.6637168141592921,0.6637168141592921,False,Detroit Pistons,Portland Trail Blazers,6.0,0.28105408
22500346,2025-12-05,2025,Completed,1610612745,1610612756,Phoenix Suns @ Houston Rockets,1.0,117,98,0.6807225,True,0.65,0.6521739130434783,0.6637168141592921,0.6637168141592921,0.6637168141592921,False,Houston Rockets,Phoenix Suns,19.0,0.18072248
22500343,2025-12-05,2025,Completed,1610612752,1610612762,Utah Jazz @ New York Knicks,1.0,146,112,0.77588254,True,0.8181818181818182,0.7272727272727273,0.6637168141592921,0.6637168141592921,0.6637168141592921,False,New York Knicks,Utah Jazz,34.0,0.27588254
22500349,2025-12-05,2025,Completed,1610612760,1610612742,Dallas Mavericks @ Oklahoma City Thunder,1.0,132,111,0.7849275,True,0.9130434782608695,0.6086956521739131,0.6637168141592921,0.6637168141592921,0.6637168141592921,False,Oklahoma City Thunder,Dallas Mavericks,21.0,0.2849275
22500339,2025-12-05,2025,Completed,1610612753,1610612748,Miami Heat @ Orlando Magic,1.0,106,105,0.6250835,True,0.5652173913043478,0.6521739130434783,0.6637168141592921,0.6637168141592921,0.6637168141592921,False,Orlando Magic,Miami Heat,1.0,0.1250835
22500347,2025-12-05,2025,Completed,1610612763,1610612746,LA Clippers @ Memphis Grizzlies,1.0,107,98,0.6043564,True,0.782608695652174,0.6086956521739131,0.6637168141592921,0.6637168141592921,0.6637168141592921,False,Memphis Grizzlies,LA Clippers,9.0,0.10435641
22500344,2025-12-05,2025,Completed,1610612761,1610612766,Charlotte Hornets @ Toronto Raptors,0.0,86,111,0.82429045,False,0.5833333333333334,0.6086956521739131,0.6637168141592921,0.6637168141592921,0.6637168141592921,False,Toronto Raptors,Charlotte Hornets,-25.0,0.32429045
22500340,2025-12-05,2025,Completed,1610612737,1610612743,Denver Nuggets @ Atlanta Hawks,0.0,133,134,0.36265743,True,0.5833333333333334,0.5454545454545454,0.6637168141592921,0.6637168141592921,0.6637168141592921,False,Atlanta Hawks,Denver Nuggets,-1.0,0.13734257
22500341,2025-12-05,2025,Completed,1610612739,1610612759,San Antonio Spurs @ Cleveland Cavaliers,1.0,130,117,0.53348774,True,0.6666666666666666,0.6818181818181818,0.6637168141592921,0.6637168141592921,0.6637168141592921,False,Cleveland Cavaliers,San Antonio Spurs,13.0,0.033487737
22500338,2025-12-05,2025,Completed,1610612738,1610612747,Los Angeles Lakers @ Boston Celtics,1.0,126,105,0.5418407,True,0.6086956521739131,0.5909090909090909,0.6637168141592921,0.6637168141592921,0.6637168141592921,False,Boston Celtics,Los Angeles Lakers,21.0,0.041840672
22500356,2025-12-06,2025,Completed,1610612742,1610612745,Houston Rockets @ Dallas Mavericks,1.0,122,109,0.31128097,False,0.5833333333333334,0.6190476190476191,0.661849710982659,0.661849710982659,0.661849710982659,False,Dallas Mavericks,Houston Rockets,13.0,0.18871903
22500355,2025-12-06,2025,Completed,1610612750,1610612746,LA Clippers @ Minnesota Timberwolves,1.0,109,106,0.82692707,True,0.6956521739130435,0.625,0.661849710982659,0.661849710982659,0.661849710982659,False,Minnesota Timberwolves,LA Clippers,3.0,0.32692707
22500354,2025-12-06,2025,Completed,1610612748,1610612758,Sacramento Kings @ Miami Heat,0.0,111,127,0.83030975,False,0.625,0.782608695652174,0.661849710982659,0.661849710982659,0.661849710982659,False,Miami Heat,Sacramento Kings,-16.0,0.33030975
22500353,2025-12-06,2025,Completed,1610612765,1610612749,Milwaukee Bucks @ Detroit Pistons,1.0,124,112,0.7857711,True,0.6521739130434783,0.64,0.661849710982659,0.661849710982659,0.661849710982659,False,Detroit Pistons,Milwaukee Bucks,12.0,0.28577107
22500351,2025-12-06,2025,Completed,1610612764,1610612737,Atlanta Hawks @ Washington Wizards,0.0,116,131,0.2980686,True,0.7727272727272727,0.6,0.661849710982659,0.661849710982659,0.661849710982659,False,Washington Wizards,Atlanta Hawks,-15.0,0.20193139
22500350,2025-12-06,2025,Completed,1610612751,1610612740,New Orleans Pelicans @ Brooklyn Nets,1.0,119,101,0.60510725,True,0.7391304347826086,0.875,0.661849710982659,0.661849710982659,0.661849710982659,False,Brooklyn Nets,New Orleans Pelicans,18.0,0.10510725
22500352,2025-12-06,2025,Completed,1610612739,1610612744,Golden State Warriors @ Cleveland Cavaliers,0.0,94,99,0.7122079,False,0.64,0.5416666666666666,0.661849710982659,0.661849710982659,0.661849710982659,False,Cleveland Cavaliers,Golden State Warriors,-5.0,0.21220791
22500359,2025-12-07,2025,Completed,1610612766,1610612743,Denver Nuggets @ Charlotte Hornets,0.0,106,115,0.25397825,True,0.625,0.5652173913043478,0.6685552407932012,0.6685552407932012,0.6685552407932012,False,Charlotte Hornets,Denver Nuggets,-9.0,0.24602175
22500363,2025-12-07,2025,Completed,1610612762,1610612760,Oklahoma City Thunder @ Utah Jazz,0.0,101,131,0.2868905,True,0.7391304347826086,0.9166666666666666,0.6685552407932012,0.6685552407932012,0.6685552407932012,False,Utah Jazz,Oklahoma City Thunder,-30.0,0.2131095
22500358,2025-12-07,2025,Completed,1610612761,1610612738,Boston Celtics @ Toronto Raptors,0.0,113,121,0.49683726,True,0.6,0.625,0.6685552407932012,0.6685552407932012,0.6685552407932012,False,Toronto Raptors,Boston Celtics,-8.0,0.0031627417
22500362,2025-12-07,2025,Completed,1610612755,1610612747,Los Angeles Lakers @ Philadelphia 76ers,0.0,108,112,0.43908748,True,0.782608695652174,0.6086956521739131,0.6685552407932012,0.6685552407932012,0.6685552407932012,False,Philadelphia 76ers,Los Angeles Lakers,-4.0,0.06091252
22500361,2025-12-07,2025,Completed,1610612741,1610612744,Golden State Warriors @ Chicago Bulls,0.0,91,123,0.419116,True,0.5652173913043478,0.56,0.6685552407932012,0.6685552407932012,0.6685552407932012,False,Chicago Bulls,Golden State Warriors,-32.0,0.08088401
22500360,2025-12-07,2025,Completed,1610612763,1610612757,Portland Trail Blazers @ Memphis Grizzlies,1.0,119,96,0.6756038,True,0.7916666666666666,0.4583333333333333,0.6685552407932012,0.6685552407932012,0.6685552407932012,False,Memphis Grizzlies,Portland Trail Blazers,23.0,0.1756038
22500357,2025-12-07,2025,Completed,1610612752,1610612753,Orlando Magic @ New York Knicks,1.0,106,100,0.6314164,True,0.8260869565217391,0.5833333333333334,0.6685552407932012,0.6685552407932012,0.6685552407932012,False,New York Knicks,Orlando Magic,6.0,0.13141638
22500366,2025-12-08,2025,Completed,1610612740,1610612759,San Antonio Spurs @ New Orleans Pelicans,0.0,132,135,0.30148402,True,0.88,0.6956521739130435,0.6685393258426966,0.6685393258426966,0.6685393258426966,False,New Orleans Pelicans,San Antonio Spurs,-3.0,0.19851598
22500364,2025-12-08,2025,Completed,1610612754,1610612758,Sacramento Kings @ Indiana Pacers,1.0,116,105,0.62906784,True,0.6666666666666666,0.7916666666666666,0.6685393258426966,0.6685393258426966,0.6685393258426966,False,Indiana Pacers,Sacramento Kings,11.0,0.12906784
22500365,2025-12-08,2025,Completed,1610612750,1610612756,Phoenix Suns @ Minnesota Timberwolves,0.0,105,108,0.6903531,False,0.6666666666666666,0.625,0.6685393258426966,0.6685393258426966,0.6685393258426966,False,Minnesota Timberwolves,Phoenix Suns,-3.0,0.1903531
22501202,2025-12-09,2025,Completed,1610612761,1610612752,New York Knicks @ Toronto Raptors,0.0,101,117,0.449209,True,0.6153846153846154,0.8333333333333334,0.6703910614525139,0.6703910614525139,0.6703910614525139,False,Toronto Raptors,New York Knicks,-16.0,0.050790995
22501201,2025-12-09,2025,Completed,1610612753,1610612748,Miami Heat @ Orlando Magic,1.0,117,108,0.63818544,True,0.6,0.64,0.6703910614525139,0.6703910614525139,0.6703910614525139,False,Orlando Magic,Miami Heat,9.0,0.13818544
22501203,2025-12-10,2025,Completed,1610612760,1610612756,Phoenix Suns @ Oklahoma City Thunder,1.0,138,89,0.7864213,True,0.92,0.64,0.6694444444444444,0.6694444444444444,0.6694444444444444,False,Oklahoma City Thunder,Phoenix Suns,49.0,0.2864213
22501204,2025-12-10,2025,Completed,1610612747,1610612759,San Antonio Spurs @ Los Angeles Lakers,0.0,119,132,0.63783556,False,0.5833333333333334,0.6666666666666666,0.6694444444444444,0.6694444444444444,0.6694444444444444,True,Los Angeles Lakers,San Antonio Spurs,-13.0,0.13783556
22501208,2025-12-11,2025,Completed,1610612758,1610612743,Denver Nuggets @ Sacramento Kings,0.0,105,136,0.24833043,True,0.8,0.5833333333333334,0.6675824175824175,0.6675824175824175,0.6675824175824175,True,Sacramento Kings,Denver Nuggets,-31.0,0.2516696
22501207,2025-12-11,2025,Completed,1610612740,1610612757,Portland Trail Blazers @ New Orleans Pelicans,1.0,143,120,0.42885035,False,0.8461538461538461,0.44,0.6675824175824175,0.6675824175824175,0.6675824175824175,True,New Orleans Pelicans,Portland Trail Blazers,23.0,0.07114965
22501206,2025-12-11,2025,Completed,1610612749,1610612738,Boston Celtics @ Milwaukee Bucks,1.0,116,101,0.27847645,False,0.6153846153846154,0.6,0.6675824175824175,0.6675824175824175,0.6675824175824175,True,Milwaukee Bucks,Boston Celtics,15.0,0.22152355
22501205,2025-12-11,2025,Completed,1610612745,1610612746,LA Clippers @ Houston Rockets,1.0,115,113,0.8166162,True,0.6363636363636364,0.64,0.6675824175824175,0.6675824175824175,0.6675824175824175,True,Houston Rockets,LA Clippers,2.0,0.31661618
22501215,2025-12-12,2025,Completed,1610612744,1610612750,Minnesota Timberwolves @ Golden State Warriors,0.0,120,127,0.45629978,True,0.5769230769230769,0.68,0.6684636118598383,0.6684636118598383,0.6684636118598383,True,Golden State Warriors,Minnesota Timberwolves,-7.0,0.04370022
22501211,2025-12-12,2025,Completed,1610612755,1610612754,Indiana Pacers @ Philadelphia 76ers,1.0,115,105,0.57952166,True,0.7916666666666666,0.68,0.6684636118598383,0.6684636118598383,0.6684636118598383,True,Philadelphia 76ers,Indiana Pacers,10.0,0.079521656
22501210,2025-12-12,2025,Completed,1610612765,1610612737,Atlanta Hawks @ Detroit Pistons,1.0,142,115,0.6612559,True,0.6666666666666666,0.6153846153846154,0.6684636118598383,0.6684636118598383,0.6684636118598383,True,Detroit Pistons,Atlanta Hawks,27.0,0.1612559
22501212,2025-12-12,2025,Completed,1610612764,1610612739,Cleveland Cavaliers @ Washington Wizards,0.0,126,130,0.27677628,True,0.782608695652174,0.6538461538461539,0.6684636118598383,0.6684636118598383,0.6684636118598383,True,Washington Wizards,Cleveland Cavaliers,-4.0,0.22322372
22501209,2025-12-12,2025,Completed,1610612766,1610612741,Chicago Bulls @ Charlotte Hornets,0.0,126,129,0.5700905,False,0.6,0.5416666666666666,0.6684636118598383,0.6684636118598383,0.6684636118598383,True,Charlotte Hornets,Chicago Bulls,-3.0,0.07009047
22501214,2025-12-12,2025,Completed,1610612742,1610612751,Brooklyn Nets @ Dallas Mavericks,1.0,119,111,0.6667809,True,0.6,0.75,0.6684636118598383,0.6684636118598383,0.6684636118598383,True,Dallas Mavericks,Brooklyn Nets,8.0,0.16678089
22501213,2025-12-12,2025,Completed,1610612763,1610612762,Utah Jazz @ Memphis Grizzlies,0.0,126,130,0.7375065,False,0.76,0.7083333333333334,0.6684636118598383,0.6684636118598383,0.6684636118598383,True,Memphis Grizzlies,Utah Jazz,-4.0,0.23750651
22501218,2025-12-14,2025,Completed,1610612739,1610612766,Charlotte Hornets @ Cleveland Cavaliers,0.0,111,119,0.71956027,False,0.6296296296296297,0.5769230769230769,0.662269129287599,0.662269129287599,0.662269129287599,True,Cleveland Cavaliers,Charlotte Hornets,-8.0,0.21956027
22501217,2025-12-14,2025,Completed,1610612737,1610612755,Philadelphia 76ers @ Atlanta Hawks,1.0,120,117,0.57332414,True,0.6296296296296297,0.8,0.662269129287599,0.662269129287599,0.662269129287599,True,Atlanta Hawks,Philadelphia 76ers,3.0,0.073324144
22501220,2025-12-14,2025,Completed,1610612750,1610612758,Sacramento Kings @ Minnesota Timberwolves,1.0,117,103,0.8222584,True,0.6923076923076923,0.8076923076923077,0.662269129287599,0.662269129287599,0.662269129287599,True,Minnesota Timberwolves,Sacramento Kings,14.0,0.3222584
22501228,2025-12-14,2025,Completed,1610612756,1610612747,Los Angeles Lakers @ Phoenix Suns,0.0,114,116,0.51272106,False,0.6153846153846154,0.56,0.662269129287599,0.662269129287599,0.662269129287599,True,Phoenix Suns,Los Angeles Lakers,-2.0,0.012721062
22501223,2025-12-14,2025,Completed,1610612741,1610612740,New Orleans Pelicans @ Chicago Bulls,0.0,104,114,0.5221942,False,0.52,0.8148148148148148,0.662269129287599,0.662269129287599,0.662269129287599,True,Chicago Bulls,New Orleans Pelicans,-10.0,0.022194207
22501221,2025-12-14,2025,Completed,1610612757,1610612744,Golden State Warriors @ Portland Trail Blazers,1.0,136,131,0.41058692,False,0.4230769230769231,0.5555555555555556,0.662269129287599,0.662269129287599,0.662269129287599,True,Portland Trail Blazers,Golden State Warriors,5.0,0.08941308
22501216,2025-12-14,2025,Completed,1610612754,1610612764,Washington Wizards @ Indiana Pacers,0.0,89,108,0.6912824,False,0.6538461538461539,0.75,0.662269129287599,0.662269129287599,0.662269129287599,True,Indiana Pacers,Washington Wizards,-19.0,0.19128239
22501219,2025-12-14,2025,Completed,1610612751,1610612749,Milwaukee Bucks @ Brooklyn Nets,1.0,127,82,0.56212944,True,0.76,0.6296296296296297,0.662269129287599,0.662269129287599,0.662269129287599,True,Brooklyn Nets,Milwaukee Bucks,45.0,0.062129438
22501227,2025-12-15,2025,Completed,1610612748,1610612761,Toronto Raptors @ Miami Heat,0.0,96,106,0.6235271,False,0.6153846153846154,0.5925925925925926,0.6588541666666666,0.6588541666666666,0.6588541666666666,True,Miami Heat,Toronto Raptors,-10.0,0.12352711
22501226,2025-12-15,2025,Completed,1610612746,1610612763,Memphis Grizzlies @ LA Clippers,0.0,103,121,0.36900762,True,0.6538461538461539,0.7692307692307693,0.6588541666666666,0.6588541666666666,0.6588541666666666,True,LA Clippers,Memphis Grizzlies,-18.0,0.13099238
22501222,2025-12-15,2025,Completed,1610612738,1610612765,Detroit Pistons @ Boston Celtics,0.0,105,112,0.58033645,False,0.5769230769230769,0.64,0.6588541666666666,0.6588541666666666,0.6588541666666666,True,Boston Celtics,Detroit Pistons,-7.0,0.08033645
22501224,2025-12-15,2025,Completed,1610612762,1610612742,Dallas Mavericks @ Utah Jazz,1.0,140,133,0.45438674,False,0.68,0.5769230769230769,0.6588541666666666,0.6588541666666666,0.6588541666666666,True,Utah Jazz,Dallas Mavericks,7.0,0.04561326
22501225,2025-12-15,2025,Completed,1610612743,1610612745,Houston Rockets @ Denver Nuggets,1.0,128,125,0.6276241,True,0.6,0.6521739130434783,0.6588541666666666,0.6588541666666666,0.6588541666666666,True,Denver Nuggets,Houston Rockets,3.0,0.1276241
